Max_Order,Test_Acc
0,0.8709122203098106
1,0.9156626506024096
2,0.9380378657487092
3,0.9122203098106713
4,0.9311531841652324
5,0.927710843373494
6,0.927710843373494
