train_f1,test_f1,train_bal,test_bal,dataset,n_qubits,seed,arm,k,n_live,n_train,k_over_n,gap_f1,gap_bal
0.0,0.0,0.5,0.5,EColi,4,0,spectral,1,136,1354,0.0007385524372230429,0.0,0.0
0.33451957295373663,0.30303030303030304,0.6047838668837041,0.591106719367589,EColi,4,0,spectral,2,136,1354,0.0014771048744460858,0.031489269923433594,0.013677147516115151
0.4200626959247649,0.45528455284552843,0.6496834870681859,0.6669038208168643,EColi,4,0,spectral,3,136,1354,0.0022156573116691287,-0.03522185692076352,-0.017220333748678374
0.425,0.46774193548387094,0.6523150660155543,0.673570487483531,EColi,4,0,spectral,4,136,1354,0.0029542097488921715,-0.04274193548387095,-0.021255421467976654
0.4234527687296417,0.4482758620689655,0.6487158618194973,0.6585111989459815,EColi,4,0,spectral,6,136,1354,0.004431314623338257,-0.02482309333932381,-0.009795337126484283
0.4336569579288026,0.46153846153846156,0.6539790197142341,0.6651778656126481,EColi,4,0,spectral,8,136,1354,0.005908419497784343,-0.027881503609658964,-0.011198845898414023
0.6385542168674698,0.7384615384615385,0.7634834508952795,0.8130830039525692,EColi,4,0,spectral,12,136,1354,0.008862629246676515,-0.09990732159406868,-0.04959955305728969
0.6554621848739496,0.6712328767123288,0.7864170736118647,0.8049275362318841,EColi,4,0,spectral,16,136,1354,0.011816838995568686,-0.015770691838379203,-0.01851046262001932
0.6837606837606838,0.7448275862068966,0.7981777898354132,0.8441897233201581,EColi,4,0,spectral,24,136,1354,0.01772525849335303,-0.06106690244621282,-0.04601193348474486
0.6914285714285714,0.7651006711409396,0.8016684753119914,0.863201581027668,EColi,4,0,spectral,32,136,1354,0.023633677991137372,-0.07367209971236821,-0.061533105715676606
0.7014492753623188,0.75177304964539,0.8038162416350154,0.8404874835309618,EColi,4,0,spectral,48,136,1354,0.03545051698670606,-0.05032377428307122,-0.036671241895946394
0.7621776504297995,0.7272727272727273,0.8388316151202748,0.8308563899868248,EColi,4,0,spectral,64,136,1354,0.047267355982274745,0.034904923157072165,0.007975225133450059
0.7529411764705882,0.7801418439716312,0.827391933441852,0.8557971014492753,EColi,4,0,spectral,96,136,1354,0.07090103397341212,-0.027200667501042997,-0.02840516800742332
0.7543859649122807,0.7746478873239436,0.8295939591246156,0.8548089591567852,EColi,4,0,spectral,128,136,1354,0.09453471196454949,-0.020261922411662914,-0.025215000032169588
0.7543859649122807,0.7746478873239436,0.8295939591246156,0.8548089591567852,EColi,4,0,spectral,136,136,1354,0.10044313146233383,-0.020261922411662914,-0.025215000032169588
0.020833333333333332,0.0,0.5052631578947369,0.5,EColi,4,0,random_live,1,136,1354,0.0007385524372230429,0.020833333333333332,0.0052631578947368585
0.020833333333333332,0.0,0.5052631578947369,0.5,EColi,4,0,random_live,2,136,1354,0.0014771048744460858,0.020833333333333332,0.0052631578947368585
0.28448275862068967,0.2696629213483146,0.5829761258817147,0.5780237154150197,EColi,4,0,random_live,3,136,1354,0.0022156573116691287,0.01481983727237507,0.004952410466694923
0.28448275862068967,0.2857142857142857,0.5829761258817147,0.5837022397891963,EColi,4,0,random_live,4,136,1354,0.0029542097488921715,-0.0012315270935960299,-0.0007261139074816736
0.5871559633027523,0.6363636363636364,0.7350198950985711,0.7651778656126482,EColi,4,0,random_live,6,136,1354,0.004431314623338257,-0.04920767306088403,-0.030157970514077093
0.6202898550724638,0.6715328467153284,0.7609603906673901,0.7908563899868247,EColi,4,0,random_live,8,136,1354,0.005908419497784343,-0.05124299164286461,-0.029895999319434652
0.6666666666666666,0.7445255474452555,0.776587086272382,0.8291304347826087,EColi,4,0,random_live,12,136,1354,0.008862629246676515,-0.07785888077858882,-0.052543348510226684
0.6857142857142857,0.7194244604316546,0.798607343100018,0.8194993412384717,EColi,4,0,random_live,16,136,1354,0.011816838995568686,-0.033710174717368924,-0.02089199813845366
0.6745562130177515,0.7338129496402878,0.7853951890034364,0.8271541501976285,EColi,4,0,random_live,24,136,1354,0.01772525849335303,-0.05925673662253628,-0.04175896119419209
0.6936416184971098,0.7464788732394366,0.8003255561584373,0.8394993412384717,EColi,4,0,random_live,32,136,1354,0.023633677991137372,-0.05283725474232681,-0.03917378508003444
0.7341040462427746,0.7194244604316546,0.8217534816422499,0.8194993412384717,EColi,4,0,random_live,48,136,1354,0.03545051698670606,0.014679585811119944,0.0022541404037782486
0.7514450867052023,0.723404255319149,0.8309368782781696,0.8251778656126483,EColi,4,0,random_live,64,136,1354,0.047267355982274745,0.02804083138605329,0.005759012665521368
0.757396449704142,0.7571428571428571,0.8282510399710616,0.8414756258234519,EColi,4,0,random_live,96,136,1354,0.07090103397341212,0.0002535925612848766,-0.01322458585239028
0.7543859649122807,0.7681159420289855,0.8295939591246156,0.8434519104084321,EColi,4,0,random_live,128,136,1354,0.09453471196454949,-0.013729977116704761,-0.013857951283816505
0.7543859649122807,0.7746478873239436,0.8295939591246156,0.8548089591567852,EColi,4,0,random_live,136,136,1354,0.10044313146233383,-0.020261922411662914,-0.025215000032169588
0.0,0.0,0.5,0.5,EColi,4,1,spectral,1,136,1354,0.0007385524372230429,0.0,0.0
0.29118773946360155,0.2962962962962963,0.5856192627653471,0.5908882536943156,EColi,4,1,spectral,2,136,1354,0.0014771048744460858,-0.005108556832694733,-0.005268990928968487
0.4519774011299435,0.42758620689655175,0.6730493402180149,0.6719744364146263,EColi,4,1,spectral,3,136,1354,0.0022156573116691287,0.024391194233391755,0.0010749038033885938
0.4878048780487805,0.44,0.6969395438898451,0.6827203106461007,EColi,4,1,spectral,4,136,1354,0.0029542097488921715,0.047804878048780475,0.014219233243744411
0.6666666666666666,0.656934306569343,0.7848716293746414,0.7895183906806169,EColi,4,1,spectral,6,136,1354,0.004431314623338257,0.009732360097323589,-0.004646761305975522
0.6914285714285714,0.6571428571428571,0.7991833405048767,0.7943992018121022,EColi,4,1,spectral,8,136,1354,0.005908419497784343,0.03428571428571425,0.004784138692774498
0.6792452830188679,0.6758620689655173,0.8053194922547332,0.8129786430805739,EColi,4,1,spectral,12,136,1354,0.008862629246676515,0.003383214053350625,-0.007659150825840677
0.7142857142857143,0.6619718309859155,0.8113211775674125,0.8002642649120915,EColi,4,1,spectral,16,136,1354,0.011816838995568686,0.0523138832997988,0.01105691265532105
0.7230320699708455,0.6714285714285714,0.8112987664945497,0.8022327688490993,EColi,4,1,spectral,24,136,1354,0.01772525849335303,0.051603498542274084,0.009065997645450352
0.7386363636363636,0.6714285714285714,0.8256328886976477,0.8022327688490993,EColi,4,1,spectral,32,136,1354,0.023633677991137372,0.06720779220779227,0.023400119848548395
0.7335243553008596,0.6571428571428571,0.8208548479632817,0.7943992018121022,EColi,4,1,spectral,48,136,1354,0.03545051698670606,0.07638149815800244,0.026455646151179457
0.7813411078717201,0.6521739130434783,0.8416433591508892,0.788534138712113,EColi,4,1,spectral,64,136,1354,0.047267355982274745,0.1291671948282418,0.053109220438776195
0.8173913043478261,0.6666666666666666,0.8620239888123924,0.8012485168805954,EColi,4,1,spectral,96,136,1354,0.07090103397341212,0.1507246376811595,0.060775471931797
0.8173913043478261,0.6388888888888888,0.8620239888123924,0.7904621939380865,EColi,4,1,spectral,128,136,1354,0.09453471196454949,0.1785024154589373,0.07156179487430592
0.8184438040345822,0.6527777777777778,0.8641978628800918,0.7982957609750836,EColi,4,1,spectral,136,136,1354,0.10044313146233383,0.16566602625680438,0.06590210190500823
0.48322147651006714,0.4838709677419355,0.6728700516351118,0.6848101607162118,EColi,4,1,random_live,1,136,1354,0.0007385524372230429,-0.0006494912318683599,-0.011940109081099992
0.5015673981191222,0.48854961832061067,0.6881095811818704,0.6935875310106785,EColi,4,1,random_live,2,136,1354,0.0014771048744460858,0.013017779798511542,-0.005477949828808115
0.5316455696202531,0.5040650406504065,0.7015382960413081,0.6936279797217129,EColi,4,1,random_live,3,136,1354,0.0022156573116691287,0.02758052896984664,0.007910316319595267
0.5299684542586751,0.5040650406504065,0.7011080034423408,0.6936279797217129,EColi,4,1,random_live,4,136,1354,0.0029542097488921715,0.025903413608268644,0.0074800237206279485
0.5286624203821656,0.49586776859504134,0.6993644219736087,0.6877629166217236,EColi,4,1,random_live,6,136,1354,0.004431314623338257,0.03279465178712426,0.011601505351885089
0.5286624203821656,0.512,0.6993644219736087,0.6994930428217021,EColi,4,1,random_live,8,136,1354,0.005908419497784343,0.016662420382165588,-0.00012862084809339702
0.5615141955835962,0.544,0.7162802997705107,0.7151601768956962,EColi,4,1,random_live,12,136,1354,0.008862629246676515,0.017514195583596126,0.0011201228748144443
0.5375,0.546875,0.7058860441767069,0.7200409880271815,EColi,4,1,random_live,16,136,1354,0.011816838995568686,-0.009375000000000022,-0.014154943850474666
0.7377521613832853,0.6666666666666666,0.8217154331612162,0.8061293280120807,EColi,4,1,random_live,24,136,1354,0.01772525849335303,0.07108549471661862,0.015586105149135498
0.7602339181286549,0.624113475177305,0.8299358146873208,0.7777478157696041,EColi,4,1,random_live,32,136,1354,0.023633677991137372,0.13612044295134995,0.05218799891771675
0.8046647230320699,0.6293706293706294,0.8537811962134252,0.7836128788695933,EColi,4,1,random_live,48,136,1354,0.03545051698670606,0.17529409366144055,0.07016831734383189
0.815028901734104,0.6428571428571429,0.8615936962134252,0.7865656347751051,EColi,4,1,random_live,64,136,1354,0.047267355982274745,0.17217175887696112,0.07502806143832008
0.813953488372093,0.6666666666666666,0.8594198221457258,0.8012485168805954,EColi,4,1,random_live,96,136,1354,0.07090103397341212,0.1472868217054264,0.05817130526513037
0.8173913043478261,0.6571428571428571,0.8620239888123924,0.7943992018121022,EColi,4,1,random_live,128,136,1354,0.09453471196454949,0.160248447204969,0.06762478700029018
0.8184438040345822,0.6527777777777778,0.8641978628800918,0.7982957609750836,EColi,4,1,random_live,136,136,1354,0.10044313146233383,0.16566602625680438,0.06590210190500823
0.0,0.0,0.5,0.5,EColi,4,2,spectral,1,136,1354,0.0007385524372230429,0.0,0.0
0.23574144486692014,0.26229508196721313,0.5639646034450123,0.5729482922201139,EColi,4,2,spectral,2,136,1354,0.0014771048744460858,-0.026553637100292987,-0.008983688775101584
0.2846975088967972,0.3851851851851852,0.5851315540412645,0.6287476280834915,EColi,4,2,spectral,3,136,1354,0.0022156573116691287,-0.100487676288388,-0.043616074042227004
0.3087719298245614,0.39705882352941174,0.5962426651523756,0.6346299810246679,EColi,4,2,spectral,4,136,1354,0.0029542097488921715,-0.08828689370485032,-0.03838731587229238
0.43508771929824563,0.4715447154471545,0.6539087639598713,0.6615156546489563,EColi,4,2,spectral,6,136,1354,0.004431314623338257,-0.03645699614890885,-0.007606890689085044
0.6242424242424243,0.6323529411764706,0.7660940753359833,0.744876660341556,EColi,4,2,spectral,8,136,1354,0.005908419497784343,-0.008110516934046297,0.02121741499442731
0.6138613861386139,0.6906474820143885,0.7455565019875071,0.7763045540796965,EColi,4,2,spectral,12,136,1354,0.008862629246676515,-0.07678609587577467,-0.030748052092189337
0.6483180428134556,0.6967741935483871,0.7769827749384819,0.8015180265654649,EColi,4,2,spectral,16,136,1354,0.011816838995568686,-0.04845615073493148,-0.024535251626983
0.6791277258566978,0.7210884353741497,0.7891491576755632,0.8026921252371917,EColi,4,2,spectral,24,136,1354,0.01772525849335303,-0.0419607095174519,-0.013542967561628538
0.6975308641975309,0.7034482758620689,0.8006861631648685,0.7909274193548387,EColi,4,2,spectral,32,136,1354,0.023633677991137372,-0.005917411664538075,0.009758743810029835
0.7341772151898734,0.6573426573426573,0.8137043346583381,0.7653818785578748,EColi,4,2,spectral,48,136,1354,0.03545051698670606,0.07683455784721616,0.048322456100463373
0.7476038338658147,0.6713286713286714,0.8181856899488926,0.7722722960151802,EColi,4,2,spectral,64,136,1354,0.047267355982274745,0.07627516253714339,0.04591339393371241
0.7711598746081505,0.624113475177305,0.8348523566155593,0.7467267552182164,EColi,4,2,spectral,96,136,1354,0.07090103397341212,0.14704639943084552,0.08812560139734293
0.7697160883280757,0.6938775510204082,0.8325004732159758,0.7889112903225806,EColi,4,2,spectral,128,136,1354,0.09453471196454949,0.07583853730766754,0.043589182893395195
0.7735849056603774,0.6938775510204082,0.8352782509937535,0.7889112903225806,EColi,4,2,spectral,136,136,1354,0.10044313146233383,0.07970735463996925,0.04636696067117296
0.0,0.0,0.5,0.5,EColi,4,2,random_live,1,136,1354,0.0007385524372230429,0.0,0.0
0.043010752688172046,0.023255813953488372,0.5102593223547227,0.5058823529411764,EColi,4,2,random_live,2,136,1354,0.0014771048744460858,0.019754938734683675,0.004376969413546261
0.2818181818181818,0.24242424242424243,0.5822780617073633,0.5685721062618596,EColi,4,2,random_live,3,136,1354,0.0022156573116691287,0.03939393939393937,0.013705955445503681
0.2636363636363636,0.24,0.5758707173954193,0.5675640417457305,EColi,4,2,random_live,4,136,1354,0.0029542097488921715,0.023636363636363622,0.008306675649688788
0.27555555555555555,0.26666666666666666,0.5801485898163922,0.5763045540796964,EColi,4,2,random_live,6,136,1354,0.004431314623338257,0.00888888888888889,0.0038440357366957834
0.30434782608695654,0.3333333333333333,0.5908338065493092,0.6008420303605313,EColi,4,2,random_live,8,136,1354,0.005908419497784343,-0.028985507246376774,-0.010008223811222128
0.31932773109243695,0.3898305084745763,0.5970376679916714,0.6252134724857685,EColi,4,2,random_live,12,136,1354,0.008862629246676515,-0.07050277738213934,-0.02817580449409718
0.4163265306122449,0.49586776859504134,0.6357041453719477,0.6704222011385199,EColi,4,2,random_live,16,136,1354,0.011816838995568686,-0.07954123798279644,-0.034718055766572165
0.5915492957746479,0.5801526717557252,0.7248154457694491,0.7154648956356736,EColi,4,2,random_live,24,136,1354,0.01772525849335303,0.011396624018922719,0.009350550133775504
0.629757785467128,0.5777777777777777,0.7451116789702821,0.7183230550284629,EColi,4,2,random_live,32,136,1354,0.023633677991137372,0.051980007689350294,0.026788623941819134
0.7204968944099379,0.7092198581560284,0.8111489683891728,0.7880692599620494,EColi,4,2,random_live,48,136,1354,0.03545051698670606,0.011277036253909523,0.02307970842712348
0.7603833865814696,0.6571428571428571,0.8245930342608366,0.7615156546489563,EColi,4,2,random_live,64,136,1354,0.047267355982274745,0.1032405294386125,0.06307737961188031
0.7672955974842768,0.6938775510204082,0.8320745788377816,0.7889112903225806,EColi,4,2,random_live,96,136,1354,0.07090103397341212,0.07341804646386862,0.043163288515201015
0.7735849056603774,0.7027027027027027,0.8352782509937535,0.7947936432637571,EColi,4,2,random_live,128,136,1354,0.09453471196454949,0.07088220295767467,0.0404846077299964
0.7735849056603774,0.6938775510204082,0.8352782509937535,0.7889112903225806,EColi,4,2,random_live,136,136,1354,0.10044313146233383,0.07970735463996925,0.04636696067117296
0.0,0.0,0.5,0.5,EColi,4,3,spectral,1,136,1354,0.0007385524372230429,0.0,0.0
0.0,0.0,0.5,0.5,EColi,4,3,spectral,2,136,1354,0.0014771048744460858,0.0,0.0
0.2627118644067797,0.3275862068965517,0.5755990598486586,0.599073944808972,EColi,4,3,spectral,3,136,1354,0.0022156573116691287,-0.06487434248977203,-0.02347488496031347
0.36947791164658633,0.4153846153846154,0.6185842314453871,0.6389780818092978,EColi,4,3,spectral,4,136,1354,0.0029542097488921715,-0.045906703738029075,-0.020393850363910726
0.6687306501547987,0.6585365853658537,0.7876394939998472,0.7870654753594862,EColi,4,3,spectral,6,136,1354,0.004431314623338257,0.010194064788945023,0.0005740186403609959
0.7151898734177216,0.6753246753246753,0.8067864786363983,0.7836683884778259,EColi,4,3,spectral,8,136,1354,0.005908419497784343,0.03986519809304623,0.023118090158572357
0.7244582043343654,0.6878980891719745,0.8167469234884965,0.7941504956024013,EColi,4,3,spectral,12,136,1354,0.008862629246676515,0.03656011516239088,0.022596427886095283
0.7210031347962382,0.6751592356687898,0.8119792860964611,0.7873912234166318,EColi,4,3,spectral,16,136,1354,0.011816838995568686,0.04584389912744846,0.02458806267982927
0.7142857142857143,0.6709677419354839,0.8107037758923794,0.782656242728838,EColi,4,3,spectral,24,136,1354,0.01772525849335303,0.04331797235023038,0.02804753316354136
0.7323076923076923,0.6751592356687898,0.8223649010165863,0.7873912234166318,EColi,4,3,spectral,32,136,1354,0.023633677991137372,0.057148456638902556,0.03497367759995451
0.7537993920972644,0.7073170731707317,0.8368350149048384,0.8141025641025641,EColi,4,3,spectral,48,136,1354,0.03545051698670606,0.04648231892653276,0.022732450802274262
0.78125,0.6878980891719745,0.8438957043491554,0.7941504956024013,EColi,4,3,spectral,64,136,1354,0.047267355982274745,0.09335191082802552,0.049745208746754144
0.7924528301886793,0.6797385620915033,0.847980203317282,0.7846805342268137,EColi,4,3,spectral,96,136,1354,0.07090103397341212,0.112714268097176,0.06329966909046825
0.7924528301886793,0.6797385620915033,0.847980203317282,0.7846805342268137,EColi,4,3,spectral,128,136,1354,0.09453471196454949,0.112714268097176,0.06329966909046825
0.7924528301886793,0.6710526315789473,0.847980203317282,0.7789334077900321,EColi,4,3,spectral,136,136,1354,0.10044313146233383,0.12140019860973195,0.0690467955272499
0.0,0.0,0.5,0.5,EColi,4,3,random_live,1,136,1354,0.0007385524372230429,0.0,0.0
0.010810810810810811,0.02127659574468085,0.5002579683558817,0.4996742519428545,EColi,4,3,random_live,2,136,1354,0.0014771048744460858,-0.01046578493387004,0.0005837164130271799
0.06217616580310881,0.10101010101010101,0.5130274019720248,0.521650611940993,EColi,4,3,random_live,3,136,1354,0.0022156573116691287,-0.0388339352069922,-0.00862320996896826
0.06451612903225806,0.10752688172043011,0.5160035924482153,0.5277234864349202,EColi,4,3,random_live,4,136,1354,0.0029542097488921715,-0.043010752688172046,-0.011719893986704921
0.5693430656934306,0.5611510791366906,0.7114480623710159,0.7109800362976406,EColi,4,3,random_live,6,136,1354,0.004431314623338257,0.008191986556740027,0.0004680260733752606
0.5938566552901023,0.5850340136054422,0.7324772605671481,0.7299199590488157,EColi,4,3,random_live,8,136,1354,0.005908419497784343,0.008822641684660182,0.0025573015183324443
0.7044025157232704,0.6792452830188679,0.8027019796682717,0.7921262041044255,EColi,4,3,random_live,12,136,1354,0.008862629246676515,0.02515723270440251,0.010575775563846257
0.7080745341614907,0.6624203821656051,0.8074696170603073,0.7806319512308624,EColi,4,3,random_live,16,136,1354,0.011816838995568686,0.04565415199588563,0.026837665829444912
0.7244582043343654,0.6878980891719745,0.8167469234884965,0.7941504956024013,EColi,4,3,random_live,24,136,1354,0.01772525849335303,0.03656011516239088,0.022596427886095283
0.7267080745341615,0.6624203821656051,0.8171720935565238,0.7806319512308624,EColi,4,3,random_live,32,136,1354,0.023633677991137372,0.06428769236855647,0.036540142325661384
0.752411575562701,0.6580645161290323,0.821848964304823,0.7758969705430685,EColi,4,3,random_live,48,136,1354,0.03545051698670606,0.09434705943366872,0.04595199376175452
0.7760252365930599,0.6797385620915033,0.8387028968890927,0.7846805342268137,EColi,4,3,random_live,64,136,1354,0.047267355982274745,0.09628667450155659,0.054022362662279
0.7911392405063291,0.6623376623376623,0.8455963846212642,0.7769091162920564,EColi,4,3,random_live,96,136,1354,0.07090103397341212,0.12880157816866677,0.0686872683292078
0.7924528301886793,0.6842105263157895,0.847980203317282,0.7856926799758016,EColi,4,3,random_live,128,136,1354,0.09453471196454949,0.1082423038728898,0.062287523341480355
0.7924528301886793,0.6710526315789473,0.847980203317282,0.7789334077900321,EColi,4,3,random_live,136,136,1354,0.10044313146233383,0.12140019860973195,0.0690467955272499
0.0,0.0,0.5,0.5,EColi,4,4,spectral,1,136,1354,0.0007385524372230429,0.0,0.0
0.5611510791366906,0.5037037037037037,0.7105683798223003,0.6799972340033191,EColi,4,4,spectral,2,136,1354,0.0014771048744460858,0.05744737543298695,0.030571145818981127
0.5663082437275986,0.5109489051094891,0.7133932385793624,0.684664853402176,EColi,4,4,spectral,3,136,1354,0.0022156573116691287,0.05535933861810949,0.028728385177186455
0.5185185185185185,0.45751633986928103,0.6992473443447624,0.6684376728747925,EColi,4,4,spectral,4,136,1354,0.0029542097488921715,0.06100217864923746,0.030809671469969935
0.6273291925465838,0.655367231638418,0.7666191456782301,0.7981052922736492,EColi,4,4,spectral,6,136,1354,0.004431314623338257,-0.02803803909183422,-0.03148614659541915
0.6461538461538462,0.6927374301675978,0.7783433895425025,0.8228609625668449,EColi,4,4,spectral,8,136,1354,0.005908419497784343,-0.04658358401375162,-0.04451757302434245
0.703030303030303,0.7209302325581395,0.8119656888863288,0.8299603540475752,EColi,4,4,spectral,12,136,1354,0.008862629246676515,-0.017899929527836478,-0.01799466516124637
0.7088607594936709,0.7108433734939759,0.8049143422183181,0.815957495851005,EColi,4,4,spectral,16,136,1354,0.011816838995568686,-0.001982614000304972,-0.01104315363268682
0.7255520504731862,0.7195121951219512,0.8142385361615522,0.817985893416928,EColi,4,4,spectral,24,136,1354,0.01772525849335303,0.006039855351234968,-0.003747357255375783
0.7272727272727273,0.7295597484276729,0.8083128129065085,0.8163608703669556,EColi,4,4,spectral,32,136,1354,0.023633677991137372,-0.002287021154945612,-0.008048057460447122
0.7579617834394905,0.7375,0.8285116330419673,0.8220426885487737,EColi,4,4,spectral,48,136,1354,0.03545051698670606,0.020461783439490455,0.0064689444931935736
0.8050314465408805,0.725,0.8560594060356456,0.8153466715839941,EColi,4,4,spectral,64,136,1354,0.047267355982274745,0.08003144654088057,0.04071273445165147
0.8037974683544303,0.7295597484276729,0.8536593561146072,0.8163608703669556,EColi,4,4,spectral,96,136,1354,0.07090103397341212,0.07423771992675743,0.0372984857476516
0.8037974683544303,0.7133757961783439,0.8536593561146072,0.8049972340033191,EColi,4,4,spectral,128,136,1354,0.09453471196454949,0.09042167217608643,0.048662122111288064
0.8037974683544303,0.7133757961783439,0.8536593561146072,0.8049972340033191,EColi,4,4,spectral,136,136,1354,0.10044313146233383,0.09042167217608643,0.048662122111288064
0.0,0.0,0.5,0.5,EColi,4,4,random_live,1,136,1354,0.0007385524372230429,0.0,0.0
0.08648648648648649,0.08695652173913043,0.5225988700564972,0.5227272727272727,EColi,4,4,random_live,2,136,1354,0.0014771048744460858,-0.0004700352526439411,-0.00012840267077551815
0.4626865671641791,0.47244094488188976,0.6628217866931632,0.6613267564078923,EColi,4,4,random_live,3,136,1354,0.0022156573116691287,-0.00975437771771065,0.0014950302852708708
0.4528301886792453,0.448,0.6575968780150627,0.6499631200442559,EColi,4,4,random_live,4,136,1354,0.0029542097488921715,0.004830188679245284,0.007633757970806787
0.5454545454545454,0.6111111111111112,0.7020938035511138,0.7378296146044625,EColi,4,4,random_live,6,136,1354,0.004431314623338257,-0.06565656565656575,-0.035735811053348665
0.5018450184501845,0.5633802816901409,0.6810453657436075,0.7130739443112668,EColi,4,4,random_live,8,136,1354,0.005908419497784343,-0.061535263239956395,-0.03202857856765928
0.6843853820598007,0.7080745341614907,0.7820394664209016,0.807636455836253,EColi,4,4,random_live,12,136,1354,0.008862629246676515,-0.02368915210168998,-0.02559698941535138
0.6821192052980133,0.691358024691358,0.7816146575848777,0.7999262400885119,EColi,4,4,random_live,16,136,1354,0.011816838995568686,-0.0092388193933447,-0.018311582503634183
0.7266881028938906,0.6951219512195121,0.810288053991523,0.8045938594873686,EColi,4,4,random_live,24,136,1354,0.01772525849335303,0.031566151674378484,0.005694194504154426
0.750788643533123,0.6748466257668712,0.827237206533896,0.7922160243407708,EColi,4,4,random_live,32,136,1354,0.023633677991137372,0.07594201776625187,0.03502118219312522
0.7795527156549521,0.7088607594936709,0.8386854446572489,0.8039830352203577,EColi,4,4,random_live,48,136,1354,0.03545051698670606,0.07069195616128121,0.03470240943689118
0.80625,0.6962025316455697,0.8584594559566838,0.797287018255578,EColi,4,4,random_live,64,136,1354,0.047267355982274745,0.11004746835443036,0.06117243770110581
0.8012618296529969,0.7006369426751592,0.8532345472785834,0.7983012170385395,EColi,4,4,random_live,96,136,1354,0.07090103397341212,0.10062488697783767,0.054933330240043876
0.8037974683544303,0.7088607594936709,0.8536593561146072,0.8039830352203577,EColi,4,4,random_live,128,136,1354,0.09453471196454949,0.09493670886075944,0.04967632089424945
0.8037974683544303,0.7133757961783439,0.8536593561146072,0.8049972340033191,EColi,4,4,random_live,136,136,1354,0.10044313146233383,0.09042167217608643,0.048662122111288064
0.42857142857142855,0.5689655172413793,0.6450081389039609,0.7120948616600791,EColi,6,0,spectral,1,2080,1354,0.0007385524372230429,-0.1403940886699508,-0.06708672275611816
0.445993031358885,0.5470085470085471,0.6542457948996202,0.7034519104084321,EColi,6,0,spectral,2,2080,1354,0.0014771048744460858,-0.10101551564966205,-0.04920611550881193
0.46099290780141844,0.5853658536585366,0.6594546934346175,0.7281422924901186,EColi,6,0,spectral,3,2080,1354,0.0022156573116691287,-0.12437294585711811,-0.06868759905550115
0.47017543859649125,0.6016260162601627,0.6642882980647495,0.7357971014492753,EColi,6,0,spectral,4,2080,1354,0.0029542097488921715,-0.1314505776636714,-0.07150880338452581
0.5082508250825083,0.5967741935483871,0.6871676614215952,0.7348089591567852,EColi,6,0,spectral,6,2080,1354,0.004431314623338257,-0.08852336846587883,-0.04764129773518999
0.5372168284789643,0.6201550387596899,0.7029571351058057,0.752832674571805,EColi,6,0,spectral,8,2080,1354,0.005908419497784343,-0.08293821028072557,-0.04987553946599932
0.5370370370370371,0.5648854961832062,0.7087583649846265,0.7278919631093544,EColi,6,0,spectral,12,2080,1354,0.008862629246676515,-0.02784845914616907,-0.019133598124727924
0.5792682926829268,0.6511627906976745,0.7315292096219932,0.7681422924901187,EColi,6,0,spectral,16,2080,1354,0.011816838995568686,-0.07189449801474768,-0.03661308286812548
0.6144578313253012,0.6818181818181818,0.7512389220473865,0.7881422924901186,EColi,6,0,spectral,24,2080,1354,0.01772525849335303,-0.06736035049288058,-0.036903370442732064
0.6666666666666666,0.671875,0.7801320311086996,0.7767852437417655,EColi,6,0,spectral,32,2080,1354,0.023633677991137372,-0.00520833333333337,0.0033467873669340564
0.7093023255813954,0.6923076923076923,0.8073069271115934,0.7901185770750988,EColi,6,0,spectral,48,2080,1354,0.03545051698670606,0.016994633273703097,0.01718835003649455
0.7192982456140351,0.7313432835820896,0.8112271658527763,0.8167852437417655,EColi,6,0,spectral,64,2080,1354,0.047267355982274745,-0.01204503796805445,-0.00555807788898921
0.7851002865329513,0.6515151515151515,0.8510761439681678,0.772832674571805,EColi,6,0,spectral,96,2080,1354,0.07090103397341212,0.13358513501779978,0.07824346939636273
0.7954545454545454,0.6950354609929078,0.8589708808102731,0.8098682476943346,EColi,6,0,spectral,128,2080,1354,0.09453471196454949,0.10041908446163761,0.04910263311593843
0.8825214899713467,0.6944444444444444,0.9031153915717127,0.814558629776021,EColi,6,0,spectral,192,2080,1354,0.14180206794682423,0.1880770455269023,0.08855676179569172
0.9131652661064426,0.6802721088435374,0.9272291553626334,0.8115942028985508,EColi,6,0,spectral,288,2080,1354,0.21270310192023634,0.23289315726290516,0.11563495246408262
0.9222222222222223,0.7417218543046358,0.9351238922047387,0.853570487483531,EColi,6,0,spectral,432,2080,1354,0.3190546528803545,0.1805003679175865,0.08155340472120765
0.9415041782729805,0.7368421052631579,0.9447368421052631,0.8525823451910408,EColi,6,0,spectral,648,2080,1354,0.47858197932053176,0.20466207300982264,0.09215449691422228
0.9415041782729805,0.7354838709677419,0.9447368421052631,0.8572727272727273,EColi,6,0,spectral,972,2080,1354,0.7178729689807977,0.20602030730523857,0.0874641148325358
0.9415041782729805,0.7417218543046358,0.9447368421052631,0.853570487483531,EColi,6,0,spectral,1458,2080,1354,1.0768094534711965,0.19978232396834472,0.09116635462173206
0.9415041782729805,0.7051282051282052,0.9447368421052631,0.8409749670619235,EColi,6,0,spectral,2080,2080,1354,1.536189069423929,0.23637597314477532,0.10376187504333956
0.0,0.0,0.5,0.5,EColi,6,0,random_live,1,2080,1354,0.0007385524372230429,0.0,0.0
0.020512820512820513,0.05063291139240506,0.5039744981009224,0.5113570487483531,EColi,6,0,random_live,2,2080,1354,0.0014771048744460858,-0.03012009087958455,-0.007382550647430652
0.010362694300518135,0.02564102564102564,0.5017724724181588,0.5046903820816865,EColi,6,0,random_live,3,2080,1354,0.0022156573116691287,-0.015278331340507505,-0.0029179096635276736
0.0,0.0,0.4991408934707904,0.49703557312252966,EColi,6,0,random_live,4,2080,1354,0.0029542097488921715,0.0,0.0021053203482607197
0.2077922077922078,0.2,0.5558554892385603,0.5540711462450593,EColi,6,0,random_live,6,2080,1354,0.004431314623338257,0.007792207792207795,0.0017843429935010535
0.3602941176470588,0.36363636363636365,0.6147721106890939,0.6185111989459815,EColi,6,0,random_live,8,2080,1354,0.005908419497784343,-0.003342245989304826,-0.003739088256887624
0.3595505617977528,0.4036697247706422,0.6138587448001447,0.6348089591567853,EColi,6,0,random_live,12,2080,1354,0.008862629246676515,-0.044119162972889425,-0.020950214356640573
0.4966887417218543,0.6060606060606061,0.6814749502622536,0.7498682476943346,EColi,6,0,random_live,16,2080,1354,0.011816838995568686,-0.10937186433875179,-0.068393297432081
0.6319018404907976,0.6911764705882353,0.7568773738469886,0.7994993412384717,EColi,6,0,random_live,24,2080,1354,0.01772525849335303,-0.05927463009743772,-0.04262196739148305
0.6375,0.6923076923076923,0.7563935612226442,0.7901185770750988,EColi,6,0,random_live,32,2080,1354,0.023633677991137372,-0.054807692307692335,-0.033725015852454576
0.6524390243902439,0.7368421052631579,0.7682627961656718,0.8177733860342555,EColi,6,0,random_live,48,2080,1354,0.03545051698670606,-0.08440308087291393,-0.0495105898685837
0.6823529411764706,0.6923076923076923,0.7906583468981733,0.7901185770750988,EColi,6,0,random_live,64,2080,1354,0.047267355982274745,-0.009954751131221684,0.0005397698230744652
0.7670454545454546,0.7142857142857143,0.8436652197504069,0.7940711462450593,EColi,6,0,random_live,96,2080,1354,0.07090103397341212,0.052759740259740284,0.04959407350534761
0.764367816091954,0.6617647058823529,0.8392611683848796,0.784189723320158,EColi,6,0,random_live,128,2080,1354,0.09453471196454949,0.10260311020960111,0.055071445064721614
0.9141274238227147,0.68,0.9316332067281606,0.8162845849802371,EColi,6,0,random_live,192,2080,1354,0.14180206794682423,0.23412742382271468,0.11534862174792349
0.9385474860335196,0.6709677419354839,0.9421052631578948,0.8189986824769433,EColi,6,0,random_live,288,2080,1354,0.21270310192023634,0.26757974409803564,0.12310658068095148
0.9415041782729805,0.7006369426751592,0.9447368421052631,0.8399868247694334,EColi,6,0,random_live,432,2080,1354,0.3190546528803545,0.2408672355978213,0.10475001733582967
0.9415041782729805,0.7354838709677419,0.9447368421052631,0.8572727272727273,EColi,6,0,random_live,648,2080,1354,0.47858197932053176,0.20602030730523857,0.0874641148325358
0.9415041782729805,0.7483870967741936,0.9447368421052631,0.864927536231884,EColi,6,0,random_live,972,2080,1354,0.7178729689807977,0.19311708149878692,0.07980930587337909
0.9418282548476454,0.7368421052631579,0.9469388677880268,0.8525823451910408,EColi,6,0,random_live,1458,2080,1354,1.0768094534711965,0.20498614958448758,0.09435652259698601
0.9418282548476454,0.7051282051282052,0.9469388677880268,0.8409749670619235,EColi,6,0,random_live,2080,2080,1354,1.536189069423929,0.23670004971944025,0.10596390072610329
0.36764705882352944,0.34782608695652173,0.6172995553643144,0.6153327580627763,EColi,6,1,spectral,1,2080,1354,0.0007385524372230429,0.01982097186700771,0.001966797301538037
0.3763837638376384,0.3333333333333333,0.6207643072289157,0.6084834429942833,EColi,6,1,spectral,2,2080,1354,0.0014771048744460858,0.04305043050430507,0.012280864234632483
0.48056537102473496,0.4247787610619469,0.6671866035570855,0.6486355301477726,EColi,6,1,spectral,3,2080,1354,0.0022156573116691287,0.05578660996278806,0.018551073409312835
0.6097560975609756,0.5384615384615384,0.7449261331038439,0.7180724840901737,EColi,6,1,spectral,4,2080,1354,0.0029542097488921715,0.07129455909943716,0.026853649013670267
0.6047904191616766,0.5588235294117647,0.7453788367756742,0.7356676733901413,EColi,6,1,spectral,6,2080,1354,0.004431314623338257,0.04596688974991192,0.009711163385532906
0.608433734939759,0.5671641791044776,0.7462394219736087,0.7376361773271491,EColi,6,1,spectral,8,2080,1354,0.005908419497784343,0.04126955583528147,0.008603244646459562
0.6219512195121951,0.6029411764705882,0.7509950516351118,0.7591683745011326,EColi,6,1,spectral,12,2080,1354,0.008862629246676515,0.019010043041606917,-0.008173322866020793
0.639751552795031,0.6074074074074074,0.7566112664945497,0.7601526264696365,EColi,6,1,spectral,16,2080,1354,0.011816838995568686,0.032344145387623646,-0.0035413599750868663
0.6461538461538462,0.656934306569343,0.7613893072289157,0.7895183906806169,EColi,6,1,spectral,24,2080,1354,0.01772525849335303,-0.01078046041549685,-0.028129083451701176
0.6909090909090909,0.6417910447761194,0.7865479776247848,0.7768040125121346,EColi,6,1,spectral,32,2080,1354,0.023633677991137372,0.04911804613297155,0.009743965112650188
0.7076023391812866,0.6206896551724138,0.802625681296615,0.7816443749325854,EColi,6,1,spectral,48,2080,1354,0.03545051698670606,0.08691268400887275,0.020981306364029617
0.7696793002915452,0.6268656716417911,0.8355744406196213,0.7689704454751375,EColi,6,1,spectral,64,2080,1354,0.047267355982274745,0.1428136286497541,0.06660399514448379
0.7932011331444759,0.6,0.8555471887550201,0.7767231150900658,EColi,6,1,spectral,96,2080,1354,0.07090103397341212,0.19320113314447596,0.07882407366495436
0.8674033149171271,0.6285714285714286,0.9032603628800918,0.778732067738108,EColi,6,1,spectral,128,2080,1354,0.09453471196454949,0.23883188634569852,0.12452829514198382
0.9030470914127424,0.6338028169014085,0.9218974110728628,0.7845971308380972,EColi,6,1,spectral,192,2080,1354,0.14180206794682423,0.2692442745113339,0.1373002802347656
0.9427792915531336,0.5972222222222222,0.9496602481353987,0.7669614928270952,EColi,6,1,spectral,288,2080,1354,0.21270310192023634,0.34555706933091135,0.18269875530830348
0.9513513513513514,0.6258503401360545,0.9574727481353987,0.7875094380325747,EColi,6,1,spectral,432,2080,1354,0.3190546528803545,0.32550101121529695,0.16996331010282406
0.9513513513513514,0.6382978723404256,0.9574727481353987,0.7855813828066012,EColi,6,1,spectral,648,2080,1354,0.47858197932053176,0.31305347901092584,0.17189136532879756
0.9510869565217391,0.6428571428571429,0.9552988740676993,0.7865656347751051,EColi,6,1,spectral,972,2080,1354,0.7178729689807977,0.30822981366459623,0.1687332392925942
0.9518716577540107,0.647887323943662,0.9618204962707975,0.7924306978750943,EColi,6,1,spectral,1458,2080,1354,1.0768094534711965,0.30398433381034873,0.16938979839570312
0.9518716577540107,0.6805555555555556,0.9618204962707975,0.8139628950490778,EColi,6,1,spectral,2080,2080,1354,1.536189069423929,0.27131610219845514,0.14785760122171965
0.0,0.0,0.5,0.5,EColi,6,1,random_live,1,2080,1354,0.0007385524372230429,0.0,0.0
0.26200873362445415,0.2127659574468085,0.5751129518072289,0.5576663790313883,EColi,6,1,random_live,2,2080,1354,0.0014771048744460858,0.049242776177645636,0.017446572775840608
0.2445414847161572,0.13186813186813187,0.569044033275961,0.5292848667889116,EColi,6,1,random_live,3,2080,1354,0.0022156573116691287,0.11267335284802532,0.03975916648704936
0.2575107296137339,0.1875,0.5733917814113597,0.5478643080573833,EColi,6,1,random_live,4,2080,1354,0.0029542097488921715,0.07001072961373389,0.025527473353976426
0.2564102564102564,0.22,0.5729614888123924,0.5595944342573617,EColi,6,1,random_live,6,2080,1354,0.004431314623338257,0.036410256410256386,0.013367054555030733
0.22510822510822512,0.24242424242424243,0.5621145295467584,0.5684122532628627,EColi,6,1,random_live,8,2080,1354,0.005908419497784343,-0.017316017316017313,-0.006297723716104264
0.3574144486692015,0.34615384615384615,0.6120688109581182,0.6104923956423256,EColi,6,1,random_live,12,2080,1354,0.008862629246676515,0.011260602515355378,0.0015764153157925564
0.37453183520599254,0.3853211009174312,0.619451018359151,0.6290718369107972,EColi,6,1,random_live,16,2080,1354,0.011816838995568686,-0.010789265711438678,-0.009620818551646204
0.5787781350482315,0.49645390070921985,0.7218965146299483,0.7072457124366304,EColi,6,1,random_live,24,2080,1354,0.01772525849335303,0.08232423433901165,0.014650802193317936
0.6358024691358025,0.49645390070921985,0.755750681296615,0.7072457124366304,EColi,6,1,random_live,32,2080,1354,0.023633677991137372,0.13934856842658266,0.048504968859984676
0.6904761904761905,0.5547445255474452,0.790035140562249,0.7346834214216373,EColi,6,1,random_live,48,2080,1354,0.03545051698670606,0.13573166492874522,0.055351719140611655
0.7714285714285715,0.5866666666666667,0.8416657702237522,0.7688895480530686,EColi,6,1,random_live,64,2080,1354,0.047267355982274745,0.1847619047619048,0.07277622217068358
0.8169014084507042,0.6111111111111112,0.8698588998852553,0.7747950598640923,EColi,6,1,random_live,96,2080,1354,0.07090103397341212,0.2057902973395931,0.09506384002116308
0.8804347826086957,0.6133333333333333,0.9158509036144578,0.7845566821270629,EColi,6,1,random_live,128,2080,1354,0.09453471196454949,0.2671014492753624,0.1312942214873949
0.948509485094851,0.631578947368421,0.9548685814687321,0.7982553122640492,EColi,6,1,random_live,192,2080,1354,0.14180206794682423,0.31693053772643,0.15661326920468288
0.9510869565217391,0.6474820143884892,0.9552988740676993,0.787549886743609,EColi,6,1,random_live,288,2080,1354,0.21270310192023634,0.30360494213324996,0.16774898732409027
0.9510869565217391,0.6394557823129252,0.9552988740676993,0.7953430050695718,EColi,6,1,random_live,432,2080,1354,0.3190546528803545,0.3116311742088139,0.15995586899812753
0.9510869565217391,0.6206896551724138,0.9552988740676993,0.7816443749325854,EColi,6,1,random_live,648,2080,1354,0.47858197932053176,0.3303973013493253,0.17365449913511388
0.9513513513513514,0.6524822695035462,0.9574727481353987,0.7934149498435983,EColi,6,1,random_live,972,2080,1354,0.7178729689807977,0.29886908184780525,0.16405779829180045
0.9513513513513514,0.6301369863013698,0.9574727481353987,0.7884936900010786,EColi,6,1,random_live,1458,2080,1354,1.0768094534711965,0.3212143650499816,0.16897905813432013
0.9518716577540107,0.6805555555555556,0.9618204962707975,0.8139628950490778,EColi,6,1,random_live,2080,2080,1354,1.536189069423929,0.27131610219845514,0.14785760122171965
0.5220338983050847,0.5616438356164384,0.6977049025175089,0.7210151802656547,EColi,6,2,spectral,1,2080,1354,0.0007385524372230429,-0.03960993731135365,-0.023310277748145758
0.5622775800711743,0.5441176470588235,0.7100747681241719,0.703534155597723,EColi,6,2,spectral,2,2080,1354,0.0014771048744460858,0.01815993301235086,0.006540612526448886
0.5428571428571428,0.5588235294117647,0.7008896460344501,0.7104245730550285,EColi,6,2,spectral,3,2080,1354,0.0022156573116691287,-0.015966386554621903,-0.009534927020578343
0.5460992907801419,0.5401459854014599,0.7032415294340337,0.7025260910815939,EColi,6,2,spectral,4,2080,1354,0.0029542097488921715,0.0059533053786819945,0.0007154383524398122
0.5182481751824818,0.5401459854014599,0.6874266515237555,0.7025260910815939,EColi,6,2,spectral,6,2080,1354,0.004431314623338257,-0.021897810218978075,-0.015099439557838434
0.5448028673835126,0.5571428571428572,0.7013155404126443,0.7132827324478178,EColi,6,2,spectral,8,2080,1354,0.005908419497784343,-0.012339989759344583,-0.01196719203517349
0.5773195876288659,0.6187050359712231,0.7218341851220897,0.7418524667931689,EColi,6,2,spectral,12,2080,1354,0.008862629246676515,-0.041385448342357134,-0.020018281671079108
0.609271523178808,0.6382978723404256,0.7427787242097292,0.7536171726755219,EColi,6,2,spectral,16,2080,1354,0.011816838995568686,-0.029026349161617615,-0.010838448465792627
0.6381578947368421,0.6433566433566433,0.7579452962332008,0.7584914611005693,EColi,6,2,spectral,24,2080,1354,0.01772525849335303,-0.005198748619801186,-0.0005461648673684705
0.6407766990291263,0.6382978723404256,0.7622231686541738,0.7536171726755219,EColi,6,2,spectral,32,2080,1354,0.023633677991137372,0.002478826688700697,0.00860599597865197
0.6495176848874598,0.6986301369863014,0.7677787242097294,0.7899193548387097,EColi,6,2,spectral,48,2080,1354,0.03545051698670606,-0.04911245209884163,-0.022140630628980307
0.6981132075471698,0.6293706293706294,0.7968341851220897,0.7516010436432637,EColi,6,2,spectral,64,2080,1354,0.047267355982274745,0.06874257817654039,0.045233141478825956
0.7378048780487805,0.6027397260273972,0.8246119628998676,0.7416864326375712,EColi,6,2,spectral,96,2080,1354,0.07090103397341212,0.13506515202138325,0.08292553026229643
0.8168168168168168,0.6442953020134228,0.8705375733484763,0.7662239089184061,EColi,6,2,spectral,128,2080,1354,0.09453471196454949,0.17252151480339406,0.10431366443007017
0.8724035608308606,0.5987261146496815,0.9040743895513912,0.7512689753320683,EColi,6,2,spectral,192,2080,1354,0.14180206794682423,0.27367744618117906,0.15280541421932292
0.9053254437869822,0.6163522012578616,0.922870528109029,0.7630336812144212,EColi,6,2,spectral,288,2080,1354,0.21270310192023634,0.2889732425291206,0.15983684689460786
0.9181286549707602,0.6624203821656051,0.9339816392201401,0.7857210626185959,EColi,6,2,spectral,432,2080,1354,0.3190546528803545,0.2557082728051552,0.14826057660154424
0.9391304347826087,0.6625,0.9487223168654174,0.7895872865275142,EColi,6,2,spectral,648,2080,1354,0.47858197932053176,0.27663043478260874,0.15913503033790322
0.9418604651162791,0.7105263157894737,0.9491482112436116,0.8045422201138519,EColi,6,2,spectral,972,2080,1354,0.7178729689807977,0.2313341493268054,0.1446059911297597
0.9418604651162791,0.6624203821656051,0.9491482112436116,0.7857210626185959,EColi,6,2,spectral,1458,2080,1354,1.0768094534711965,0.279440082950674,0.16342714862501573
0.9418604651162791,0.618421052631579,0.9491482112436116,0.7563092979127135,EColi,6,2,spectral,2080,2080,1354,1.536189069423929,0.3234394124847001,0.1928389133308981
0.0,0.0,0.5,0.5,EColi,6,2,random_live,1,2080,1354,0.0007385524372230429,0.0,0.0
0.0,0.0,0.4995741056218058,0.49798387096774194,EColi,6,2,random_live,2,2080,1354,0.0014771048744460858,0.0,0.0015902346540638823
0.010752688172043012,0.022988505747126436,0.5006483058868068,0.5048742884250474,EColi,6,2,random_live,3,2080,1354,0.0022156573116691287,-0.012235817575083425,-0.004225982538240691
0.03208556149732621,0.022988505747126436,0.5066297558205565,0.5048742884250474,EColi,6,2,random_live,4,2080,1354,0.0029542097488921715,0.00909705575019977,0.001755467395509025
0.042328042328042326,0.022988505747126436,0.5089816392201401,0.5048742884250474,EColi,6,2,random_live,6,2080,1354,0.004431314623338257,0.01933953658091589,0.0041073507950926125
0.07142857142857142,0.06818181818181818,0.5156113950406966,0.5176470588235295,EColi,6,2,random_live,8,2080,1354,0.005908419497784343,0.003246753246753248,-0.0020356637828328195
0.33064516129032256,0.3090909090909091,0.6023897406776453,0.5919354838709677,EColi,6,2,random_live,12,2080,1354,0.008862629246676515,0.02155425219941348,0.010454256806677553
0.3515625,0.3392857142857143,0.6117972742759796,0.6037001897533207,EColi,6,2,random_live,16,2080,1354,0.011816838995568686,0.012276785714285698,0.008097084522658893
0.5974025974025974,0.5774647887323944,0.740223357940564,0.7250474383301708,EColi,6,2,random_live,24,2080,1354,0.01772525849335303,0.019937808670203006,0.015175919610393218
0.6103896103896104,0.589041095890411,0.746630702252508,0.7347960151802657,EColi,6,2,random_live,32,2080,1354,0.023633677991137372,0.02134851449919939,0.011834687072242334
0.7409638554216867,0.6482758620689655,0.8293157296990347,0.7633657495256168,EColi,6,2,random_live,48,2080,1354,0.03545051698670606,0.09268799335272127,0.06594998017341791
0.7728613569321534,0.6573426573426573,0.851963846299451,0.7653818785578748,EColi,6,2,random_live,64,2080,1354,0.047267355982274745,0.11551869958949612,0.08658196774157623
0.8071216617210683,0.6973684210526315,0.8688339958356994,0.7976518026565464,EColi,6,2,random_live,96,2080,1354,0.07090103397341212,0.10975324066843672,0.07118219317915297
0.851963746223565,0.6875,0.8874077228847246,0.8033681214421253,EColi,6,2,random_live,128,2080,1354,0.09453471196454949,0.16446374622356497,0.08403960144259925
0.9321533923303835,0.6257668711656442,0.9384629945106947,0.7727822580645161,EColi,6,2,random_live,192,2080,1354,0.14180206794682423,0.3063865211647393,0.16568073644617864
0.9418604651162791,0.5952380952380952,0.9491482112436116,0.7608515180265655,EColi,6,2,random_live,288,2080,1354,0.21270310192023634,0.34662236987818384,0.18829669321704612
0.9418604651162791,0.6172839506172839,0.9491482112436116,0.7668999051233396,EColi,6,2,random_live,432,2080,1354,0.3190546528803545,0.32457651449899516,0.18224830612027199
0.9418604651162791,0.625,0.9491482112436116,0.7689160341555977,EColi,6,2,random_live,648,2080,1354,0.47858197932053176,0.3168604651162791,0.18023217708801387
0.9418604651162791,0.6666666666666666,0.9491482112436116,0.7905953510436432,EColi,6,2,random_live,972,2080,1354,0.7178729689807977,0.27519379844961245,0.1585528601999684
0.9418604651162791,0.632258064516129,0.9491482112436116,0.7670659392789374,EColi,6,2,random_live,1458,2080,1354,1.0768094534711965,0.3096024006001501,0.1820822719646742
0.9415204678362573,0.6,0.9467963278440281,0.7445445920303606,EColi,6,2,random_live,2080,2080,1354,1.536189069423929,0.34152046783625734,0.2022517358136675
0.36,0.36507936507936506,0.6149249025452878,0.6159895760621714,EColi,6,3,spectral,1,2080,1354,0.0007385524372230429,-0.005079365079365072,-0.001064673516883663
0.41605839416058393,0.4172661870503597,0.6435307268975006,0.643387314439946,EColi,6,3,spectral,2,2080,1354,0.0014771048744460858,-0.001207792889775794,0.00014341245755455923
0.4175824175824176,0.44285714285714284,0.6439558969655278,0.6558937130624971,EColi,6,3,spectral,3,2080,1354,0.0022156573116691287,-0.02527472527472524,-0.011937816096969311
0.45517241379310347,0.42758620689655175,0.6658354352977146,0.6508329843175578,EColi,6,3,spectral,4,2080,1354,0.0029542097488921715,0.027586206896551724,0.015002450980156845
0.4280442804428044,0.4264705882352941,0.6480403959336544,0.6464237516869096,EColi,6,3,spectral,6,2080,1354,0.004431314623338257,0.0015736922075103021,0.0016166442467447917
0.48184818481848185,0.46808510638297873,0.682947336237866,0.6684001116850482,EColi,6,3,spectral,8,2080,1354,0.005908419497784343,0.013763078435503118,0.014547224552817761
0.5909090909090909,0.5833333333333334,0.7390363448750287,0.7261971241100098,EColi,6,3,spectral,12,2080,1354,0.008862629246676515,0.007575757575757569,0.012839220765018866
0.65814696485623,0.6164383561643836,0.7757204005197584,0.7444506491693424,EColi,6,3,spectral,16,2080,1354,0.011816838995568686,0.04170860869184645,0.031269751350415986
0.6942675159235668,0.6447368421052632,0.7947001834441643,0.7654148634184932,EColi,6,3,spectral,24,2080,1354,0.01772525849335303,0.04953067381830367,0.02928532002567108
0.6984126984126984,0.6193548387096774,0.797509172208209,0.7556191539857602,EColi,6,3,spectral,32,2080,1354,0.023633677991137372,0.07905785970302093,0.041890018222448866
0.7192429022082019,0.6027397260273972,0.8095954674004433,0.737691376983573,EColi,6,3,spectral,48,2080,1354,0.03545051698670606,0.11650317618080464,0.07190409041687029
0.7453416149068323,0.6111111111111112,0.8268745700527402,0.7397156684815487,EColi,6,3,spectral,64,2080,1354,0.047267355982274745,0.1342305037957211,0.08715890157119155
0.7801857585139319,0.6709677419354839,0.8458543529771458,0.782656242728838,EColi,6,3,spectral,96,2080,1354,0.07090103397341212,0.10921801657844799,0.06319811024830779
0.8292682926829268,0.6535947712418301,0.8760700909577315,0.7711619898552748,EColi,6,3,spectral,128,2080,1354,0.09453471196454949,0.1756735214410967,0.10490810110245663
0.8562691131498471,0.6621621621621622,0.8894318963540473,0.7694634464144445,EColi,6,3,spectral,192,2080,1354,0.14180206794682423,0.19410695098768493,0.11996844993960276
0.8948948948948949,0.6802721088435374,0.9159883054345335,0.777234864349202,EColi,6,3,spectral,288,2080,1354,0.21270310192023634,0.21462278605135754,0.1387534410853315
0.9161676646706587,0.65,0.9284997706947948,0.7775955139838988,EColi,6,3,spectral,432,2080,1354,0.3190546528803545,0.26616766467065867,0.15090425671089602
0.9221556886227545,0.6580645161290323,0.931733929526867,0.7758969705430685,EColi,6,3,spectral,648,2080,1354,0.47858197932053176,0.26409117249372227,0.15583695898379846
0.9226190476190477,0.6490066225165563,0.9341177482228846,0.766427009167481,EColi,6,3,spectral,972,2080,1354,0.7178729689807977,0.2736124251024914,0.16769073905540366
0.9226190476190477,0.6622516556291391,0.9341177482228846,0.7731862813532504,EColi,6,3,spectral,1458,2080,1354,1.0768094534711965,0.26036739198990855,0.16093146686963422
0.9221556886227545,0.6887417218543046,0.931733929526867,0.7867048257247895,EColi,6,3,spectral,2080,2080,1354,1.536189069423929,0.23341396676844994,0.14502910380207745
0.0,0.0,0.5,0.5,EColi,6,3,random_live,1,2080,1354,0.0007385524372230429,0.0,0.0
0.12962962962962962,0.15384615384615385,0.5291217610639761,0.5368676997533621,EColi,6,3,random_live,2,2080,1354,0.0014771048744460858,-0.024216524216524232,-0.0077459386893860005
0.1388888888888889,0.1346153846153846,0.5323559198960484,0.5301084275675927,EColi,6,3,random_live,3,2080,1354,0.0022156573116691287,0.004273504273504286,0.002247492328455669
0.12962962962962962,0.1523809523809524,0.5291217610639761,0.5358555540043743,EColi,6,3,random_live,4,2080,1354,0.0029542097488921715,-0.022751322751322772,-0.00673379294039822
0.22317596566523606,0.2857142857142857,0.5607037758923794,0.5825189631904696,EColi,6,3,random_live,6,2080,1354,0.004431314623338257,-0.06253832004904963,-0.021815187298090177
0.2591093117408907,0.2689075630252101,0.5741563479324314,0.5757596910047,EColi,6,3,random_live,8,2080,1354,0.005908419497784343,-0.009798251284319381,-0.0016033430722686148
0.4338235294117647,0.4126984126984127,0.6508493846976993,0.6362673926194797,EColi,6,3,random_live,12,2080,1354,0.008862629246676515,0.021125116713352043,0.01458199207821953
0.4528301886792453,0.42424242424242425,0.657059734005962,0.6437130624970915,EColi,6,3,random_live,16,2080,1354,0.011816838995568686,0.02858776443682104,0.013346671508870478
0.4855072463768116,0.49635036496350365,0.6750219750821677,0.6792079668667691,EColi,6,3,random_live,24,2080,1354,0.01772525849335303,-0.010843118586692069,-0.004185991784601439
0.5555555555555556,0.5373134328358209,0.7119639990827792,0.6957629484852715,EColi,6,3,random_live,32,2080,1354,0.023633677991137372,0.018242122719734688,0.01620105059750765
0.6838709677419355,0.60431654676259,0.7866983872200566,0.731257852854949,EColi,6,3,random_live,48,2080,1354,0.03545051698670606,0.07955442097934551,0.05544053436510754
0.7278481012658228,0.6712328767123288,0.8132547963005428,0.7714877379124203,EColi,6,3,random_live,64,2080,1354,0.047267355982274745,0.05661522455349399,0.04176705838812245
0.8098159509202454,0.6756756756756757,0.8639837957654972,0.776222718600214,EColi,6,3,random_live,96,2080,1354,0.07090103397341212,0.13414027524456973,0.08776107716528325
0.844311377245509,0.6405228758169934,0.889689864709929,0.7644027176695053,EColi,6,3,random_live,128,2080,1354,0.09453471196454949,0.20378850142851557,0.12528714704042365
0.9161676646706587,0.6341463414634146,0.9284997706947948,0.7735469309879474,EColi,6,3,random_live,192,2080,1354,0.14180206794682423,0.28202132320724405,0.15495283970684748
0.9221556886227545,0.6794871794871795,0.931733929526867,0.7884033691656196,EColi,6,3,random_live,288,2080,1354,0.21270310192023634,0.24266850913557503,0.14333056036124736
0.9221556886227545,0.6274509803921569,0.931733929526867,0.7576434454837359,EColi,6,3,random_live,432,2080,1354,0.3190546528803545,0.2947047082305977,0.1740904840431311
0.9221556886227545,0.6838709677419355,0.931733929526867,0.7894155149146075,EColi,6,3,random_live,648,2080,1354,0.47858197932053176,0.2382847208808191,0.14231841461225947
0.9221556886227545,0.6878980891719745,0.931733929526867,0.7941504956024013,EColi,6,3,random_live,972,2080,1354,0.7178729689807977,0.23425759945078006,0.1375834339244657
0.9226190476190477,0.7058823529411765,0.9341177482228846,0.7981990785983526,EColi,6,3,random_live,1458,2080,1354,1.0768094534711965,0.21673669467787116,0.13591866962453203
0.9235294117647059,0.6842105263157895,0.9388853856149202,0.7856926799758016,EColi,6,3,random_live,2080,2080,1354,1.536189069423929,0.23931888544891644,0.15319270563911858
0.4263565891472868,0.390625,0.6443222019017996,0.6268324728010326,EColi,6,4,spectral,1,2080,1354,0.0007385524372230429,0.0357315891472868,0.01748972910076696
0.5087108013937283,0.5241379310344828,0.6904967623326566,0.6966393140328232,EColi,6,4,spectral,2,2080,1354,0.0014771048744460858,-0.015427129640754544,-0.006142551700166643
0.5211267605633803,0.5306122448979592,0.6950208564338138,0.7013069334316798,EColi,6,4,spectral,3,2080,1354,0.0022156573116691287,-0.009485484334578964,-0.006286076997865986
0.5306122448979592,0.5578231292517006,0.7037714384459197,0.7146989673612392,EColi,6,4,spectral,4,2080,1354,0.0029542097488921715,-0.027210884353741416,-0.010927528915319451
0.5547945205479452,0.5135135135135135,0.714370058897225,0.6935967176839388,EColi,6,4,spectral,6,2080,1354,0.004431314623338257,0.041281007034431716,0.020773341213286223
0.5723905723905723,0.5369127516778524,0.7252446850894498,0.7059745528305366,EColi,6,4,spectral,8,2080,1354,0.005908419497784343,0.03547782071271999,0.019270132258913275
0.5524475524475524,0.5405405405405406,0.7104195767271959,0.7069887516134981,EColi,6,4,spectral,12,2080,1354,0.008862629246676515,0.011907011907011822,0.003430825113697855
0.5993265993265994,0.5290322580645161,0.7382433554617935,0.7065853770975474,EColi,6,4,spectral,16,2080,1354,0.011816838995568686,0.07029434126208323,0.03165797836424611
0.6445182724252492,0.6496815286624203,0.762541460862386,0.771517149179421,EColi,6,4,spectral,24,2080,1354,0.01772525849335303,-0.0051632562371711765,-0.008975688317035102
0.6833855799373041,0.6707317073170732,0.793890912930989,0.7912018255578093,EColi,6,4,spectral,32,2080,1354,0.023633677991137372,0.012653872620230877,0.0026890873731797438
0.7092651757188498,0.6748466257668712,0.8029391011333036,0.7922160243407708,EColi,6,4,spectral,48,2080,1354,0.03545051698670606,0.03441854995197868,0.010723076792532815
0.7323076923076923,0.6540880503144654,0.8238387358457055,0.7761847685782777,EColi,6,4,spectral,64,2080,1354,0.047267355982274745,0.07821964199322695,0.04765396726742788
0.8249258160237388,0.6867469879518072,0.8837343816751388,0.8025654619214457,EColi,6,4,spectral,96,2080,1354,0.07090103397341212,0.1381788280719316,0.08116891975369311
0.8902077151335311,0.6748466257668712,0.9194807251990842,0.7922160243407708,EColi,6,4,spectral,128,2080,1354,0.09453471196454949,0.21536108936665999,0.12726470085831343
0.9212121212121213,0.6900584795321637,0.9289537222374225,0.8108865019361977,EColi,6,4,spectral,192,2080,1354,0.14180206794682423,0.23115364167995756,0.11806722030122474
0.9309309309309309,0.6904761904761905,0.937428298508609,0.8072330813203024,EColi,6,4,spectral,288,2080,1354,0.21270310192023634,0.24045474045474047,0.13019521718830662
0.9341317365269461,0.7176470588235294,0.9402531572656712,0.8252927346487184,EColi,6,4,spectral,432,2080,1354,0.3190546528803545,0.21648467770341673,0.11496042261695272
0.9404761904761905,0.7159090909090909,0.9459028747797954,0.8325995758805089,EColi,6,4,spectral,648,2080,1354,0.47858197932053176,0.22456709956709953,0.11330329889928648
0.9436201780415431,0.6783625730994152,0.9487277335368576,0.8041904849714181,EColi,6,4,spectral,972,2080,1354,0.7178729689807977,0.2652576049421279,0.14453724856543948
0.9436201780415431,0.7134502923976608,0.9487277335368576,0.824278535865757,EColi,6,4,spectral,1458,2080,1354,1.0768094534711965,0.2301698856438823,0.12444919767110063
0.9436201780415431,0.7485380116959064,0.9487277335368576,0.8443665867600959,EColi,6,4,spectral,2080,2080,1354,1.536189069423929,0.1950821663456367,0.10436114677676167
0.23529411764705882,0.265625,0.5643549385827225,0.5732643370827954,EColi,6,4,random_live,1,2080,1354,0.0007385524372230429,-0.03033088235294118,-0.008909398500072996
0.3082706766917293,0.2923076923076923,0.5954283849104062,0.5846279734464318,EColi,6,4,random_live,2,2080,1354,0.0014771048744460858,0.015962984384036982,0.010800411463974369
0.3282442748091603,0.38235294117647056,0.6036269554406731,0.6254148995021206,EColi,6,4,random_live,3,2080,1354,0.0022156573116691287,-0.054108666367310265,-0.021787944061447462
0.41353383458646614,0.5306122448979592,0.6409237312136092,0.7013069334316798,EColi,6,4,random_live,4,2080,1354,0.0029542097488921715,-0.11707841031149308,-0.060383202218070586
0.5390070921985816,0.6578947368421053,0.7023698092920333,0.7698921261294487,EColi,6,4,random_live,6,2080,1354,0.004431314623338257,-0.11888764464352375,-0.06752231683741539
0.5435540069686411,0.6363636363636364,0.7067451002980862,0.7611677115987461,EColi,6,4,random_live,8,2080,1354,0.005908419497784343,-0.09280962939499526,-0.05442261130065984
0.6169491525423729,0.6535947712418301,0.7455923083200131,0.7688779273464872,EColi,6,4,random_live,12,2080,1354,0.008862629246676515,-0.03664561869945715,-0.02328561902647408
0.6075085324232082,0.6410256410256411,0.7399425908058888,0.7658353309976028,EColi,6,4,random_live,16,2080,1354,0.011816838995568686,-0.033517108602432844,-0.02589274019171406
0.6447368421052632,0.675,0.7645167019474005,0.7885626037248755,EColi,6,4,random_live,24,2080,1354,0.01772525849335303,-0.03026315789473688,-0.02404590177747501
0.6688311688311688,0.6956521739130435,0.7790658045687351,0.8009404388714734,EColi,6,4,random_live,32,2080,1354,0.023633677991137372,-0.026821005081874683,-0.021874634302738283
0.6730158730158731,0.7272727272727273,0.7858411454958263,0.8236677115987461,EColi,6,4,random_live,48,2080,1354,0.03545051698670606,-0.054256854256854226,-0.03782656610291979
0.7371794871794872,0.7283950617283951,0.8163625803416711,0.8200142909828507,EColi,6,4,random_live,64,2080,1354,0.047267355982274745,0.008784425451092148,-0.0036517106411796396
0.8012422360248447,0.7176470588235294,0.8576098382846362,0.8252927346487184,EColi,6,4,random_live,96,2080,1354,0.07090103397341212,0.08359517720131526,0.03231710363591778
0.8501529051987767,0.7251461988304093,0.8879824700353767,0.8309745528305366,EColi,6,4,random_live,128,2080,1354,0.09453471196454949,0.12500670636836742,0.05700791720484011
0.9313432835820895,0.7005649717514124,0.9398283484296474,0.8248893601327678,EColi,6,4,random_live,192,2080,1354,0.14180206794682423,0.2307783118306771,0.11493898829687954
0.9436201780415431,0.7,0.9487277335368576,0.8285427807486632,EColi,6,4,random_live,288,2080,1354,0.21270310192023634,0.24362017804154312,0.12018495278819441
0.9436201780415431,0.6892655367231638,0.9487277335368576,0.8181933431679882,EColi,6,4,random_live,432,2080,1354,0.3190546528803545,0.25435464131837926,0.13053439036886938
0.9436201780415431,0.7191011235955056,0.9487277335368576,0.8372671952793657,EColi,6,4,random_live,648,2080,1354,0.47858197932053176,0.22451905444603748,0.11146053825749191
0.9436201780415431,0.7314285714285714,0.9487277335368576,0.84030979162825,EColi,6,4,random_live,972,2080,1354,0.7178729689807977,0.21219160661297165,0.10841794190860754
0.9436201780415431,0.72,0.9487277335368576,0.8336137746634704,EColi,6,4,random_live,1458,2080,1354,1.0768094534711965,0.2236201780415431,0.11511395887338716
0.9436201780415431,0.7441860465116279,0.9487277335368576,0.8433523879771344,EColi,6,4,random_live,2080,2080,1354,1.536189069423929,0.19943413152991518,0.10537534555972317
0.6815003178639543,0.6825633383010432,0.5817598477172945,0.5830277155655095,20News,4,0,spectral,1,136,1257,0.0007955449482895784,-0.0010630204370889462,-0.0012678678482149763
0.6827956989247311,0.7339449541284404,0.6120897424088914,0.6606942889137738,20News,4,0,spectral,2,136,1257,0.0015910898965791568,-0.051149255203709276,-0.04860454650488244
0.7130075705437027,0.7295597484276729,0.6591983666451752,0.6688129899216126,20News,4,0,spectral,3,136,1257,0.002386634844868735,-0.01655217788397023,-0.009614623276437473
0.6931254429482636,0.7096774193548387,0.6497996684166897,0.6575867861142217,20News,4,0,spectral,4,136,1257,0.0031821797931583136,-0.01655197640657513,-0.007787117697532042
0.741307371349096,0.7550702028081123,0.696616622148537,0.6958986562150056,20News,4,0,spectral,6,136,1257,0.00477326968973747,-0.013762831459016356,0.0007179659335314614
0.75,0.768025078369906,0.7060997513125173,0.7135988241881299,20News,4,0,spectral,8,136,1257,0.006364359586316627,-0.018025078369905967,-0.007499072875612578
0.7565278757939309,0.8025276461295419,0.7200577200577201,0.7581886898096304,20News,4,0,spectral,12,136,1257,0.00954653937947494,-0.04599977033561098,-0.038130969751910326
0.7563380281690141,0.8075117370892019,0.7190061711338307,0.7605123180291153,20News,4,0,spectral,16,136,1257,0.012728719172633254,-0.0511737089201878,-0.041506146895284646
0.7803138373751783,0.8109854604200323,0.7510438733842989,0.7766587346024636,20News,4,0,spectral,24,136,1257,0.01909307875894988,-0.030671623044853935,-0.025614861218164697
0.7870503597122303,0.8006430868167203,0.7616821712566393,0.7627309630459127,20News,4,0,spectral,32,136,1257,0.02545743834526651,-0.013592727104489999,-0.0010487917892734178
0.7927797833935019,0.8072487644151565,0.769330846458506,0.7795562709966406,20News,4,0,spectral,48,136,1257,0.03818615751789976,-0.014468981021654614,-0.010225424538134575
0.8061002178649237,0.8143322475570033,0.7860711983052409,0.7835246360582306,20News,4,0,spectral,64,136,1257,0.05091487669053302,-0.00823202969207959,0.00254656224701022
0.8102564102564103,0.8181818181818182,0.7934934450891897,0.7868141097424413,20News,4,0,spectral,96,136,1257,0.07637231503579953,-0.007925407925407968,0.006679335346748472
0.8298334540188269,0.8163934426229508,0.8114695588099843,0.7882628779395296,20News,4,0,spectral,128,136,1257,0.10182975338106603,0.01344001139587614,0.023206680870454632
0.8277858176555717,0.8105436573311368,0.8089750084430936,0.7833286674132138,20News,4,0,spectral,136,136,1257,0.10819411296738266,0.01724216032443493,0.025646341029879727
0.6897297297297297,0.7018867924528301,0.5002110773387369,0.5078177491601343,20News,4,0,random_live,1,136,1257,0.0007955449482895784,-0.012157062723100465,-0.007606671821397404
0.6962962962962963,0.67828418230563,0.5410142458014798,0.5139907614781635,20News,4,0,random_live,2,136,1257,0.0015910898965791568,0.018012113990666268,0.02702348432331636
0.6943963027151935,0.6783783783783783,0.5462105861042031,0.5192119260918253,20News,4,0,random_live,3,136,1257,0.002386634844868735,0.016017924336815148,0.02699866001237783
0.6762762762762763,0.6685714285714286,0.5436162537226367,0.5401875699888018,20News,4,0,random_live,4,136,1257,0.0031821797931583136,0.007704847704847695,0.0034286837338348697
0.6899458157736303,0.6817538896746818,0.5632426084553744,0.5517007278835386,20News,4,0,random_live,6,136,1257,0.00477326968973747,0.008191926098948588,0.011541880571835805
0.6748466257668712,0.6569767441860465,0.553740290442418,0.535540313549832,20News,4,0,random_live,8,136,1257,0.006364359586316627,0.017869881580824698,0.01819997689258601
0.6776649746192893,0.6786248131539612,0.5758842221608179,0.579738241881299,20News,4,0,random_live,12,136,1257,0.00954653937947494,-0.000959838534671853,-0.00385401972048105
0.6844155844155844,0.6790123456790124,0.5965429369684689,0.5980123180291154,20News,4,0,random_live,16,136,1257,0.012728719172633254,0.0054032387365720025,-0.0014693810606464242
0.7229407760381211,0.7097791798107256,0.6659183015565995,0.6466615341545353,20News,4,0,random_live,24,136,1257,0.01909307875894988,0.013161596227395544,0.019256767402064168
0.7401791867677464,0.7373417721518988,0.6915239016302845,0.6810960246360582,20News,4,0,random_live,32,136,1257,0.02545743834526651,0.002837414615847633,0.010427876994226315
0.756198347107438,0.7424960505529226,0.7099336833379386,0.6865131578947368,20News,4,0,random_live,48,136,1257,0.03818615751789976,0.013702296554515492,0.023420525443201834
0.7755681818181818,0.766721044045677,0.744116698903933,0.7290663493840985,20News,4,0,random_live,64,136,1257,0.05091487669053302,0.008847137772504787,0.015050349519834416
0.8063354931605472,0.7794361525704809,0.7834730281538792,0.7503429451287794,20News,4,0,random_live,96,136,1257,0.07637231503579953,0.026899340590066267,0.03313008302509979
0.8230152949745084,0.8105436573311368,0.8056975530379786,0.7833286674132138,20News,4,0,random_live,128,136,1257,0.10182975338106603,0.01247163764337167,0.0223688856247648
0.8277858176555717,0.8105436573311368,0.8089750084430936,0.7833286674132138,20News,4,0,random_live,136,136,1257,0.10819411296738266,0.01724216032443493,0.025646341029879727
0.6940346375881976,0.6558345642540621,0.6018420850508206,0.54476485874759,20News,4,1,spectral,1,136,1257,0.0007955449482895784,0.038200073334135554,0.057077226303230644
0.7065217391304348,0.6615146831530139,0.6454530325917203,0.5779333277447117,20News,4,1,spectral,2,136,1257,0.0015910898965791568,0.04500705597742094,0.06751970484700853
0.7423521414004078,0.6919431279620853,0.6881794208761105,0.62629586162573,20News,4,1,spectral,3,136,1257,0.002386634844868735,0.05040901343832249,0.06188355925038047
0.7569397427217333,0.7,0.7037596968688394,0.6303545980383938,20News,4,1,spectral,4,136,1257,0.0031821797931583136,0.0569397427217333,0.07340509883044566
0.7773279352226721,0.7145085803432137,0.7266660692798075,0.647071562299159,20News,4,1,spectral,6,136,1257,0.00477326968973747,0.06281935487945833,0.07959450698064852
0.7803867403314917,0.7363494539781591,0.7392150336670166,0.6734288987621203,20News,4,1,spectral,8,136,1257,0.006364359586316627,0.044037286353332594,0.06578613490489627
0.7717614804660726,0.74884437596302,0.7262103484472209,0.6829085980942801,20News,4,1,spectral,12,136,1257,0.00954653937947494,0.02291710450305262,0.043301750352940815
0.7919834139599171,0.7697160883280757,0.7529775467881923,0.7183195014949563,20News,4,1,spectral,16,136,1257,0.012728719172633254,0.022267325631841417,0.03465804529323602
0.7829131652661064,0.789049919484702,0.7473540029186615,0.7495109956129321,20News,4,1,spectral,24,136,1257,0.01909307875894988,-0.006136754218595608,-0.0021569926942706097
0.806497175141243,0.7712418300653595,0.7773394096111012,0.7346103333612765,20News,4,1,spectral,32,136,1257,0.02545743834526651,0.03525534507588346,0.04272907624982469
0.8090204369274137,0.7836065573770492,0.7794976829923961,0.750125743985246,20News,4,1,spectral,48,136,1257,0.03818615751789976,0.02541387955036445,0.029371939007150072
0.8172804532577904,0.7806451612903226,0.7905527535267161,0.7403246989130131,20News,4,1,spectral,64,136,1257,0.05091487669053302,0.03663529196746784,0.050228054613702944
0.8242766407904023,0.775974025974026,0.7973680841803426,0.7374675161371448,20News,4,1,spectral,96,136,1257,0.07637231503579953,0.04830261481637632,0.059900568043197766
0.8367783321454028,0.7862969004893964,0.8146509127217798,0.7513272976220415,20News,4,1,spectral,128,136,1257,0.10182975338106603,0.05048143165600638,0.06332361509973827
0.8378766140602583,0.7882736156351792,0.8178307176322999,0.7529829267611143,20News,4,1,spectral,136,136,1257,0.10819411296738266,0.04960299842507909,0.06484779087118553
0.7120901639344263,0.718192627824019,0.5,0.5,20News,4,1,random_live,1,136,1257,0.0007955449482895784,-0.006102463889592791,0.0
0.7091757387247278,0.7117008443908324,0.5027624875188816,0.4989591192332411,20News,4,1,random_live,2,136,1257,0.0015910898965791568,-0.0025251056661045324,0.0038033682856405404
0.6946438431805633,0.6822916666666666,0.5192439642591976,0.5033950876016431,20News,4,1,random_live,3,136,1257,0.002386634844868735,0.01235217651389664,0.015848876657554523
0.6940024479804161,0.6733238231098431,0.5769528149722215,0.5468466202811076,20News,4,1,random_live,4,136,1257,0.0031821797931583136,0.020678624870573037,0.030106194691113863
0.6929330831769857,0.6833578792341679,0.5871732507232648,0.5781987872691201,20News,4,1,random_live,6,136,1257,0.00477326968973747,0.009575203942817745,0.008974463454144654
0.6736842105263158,0.6686838124054463,0.5898755728513275,0.5747547992287703,20News,4,1,random_live,8,136,1257,0.006364359586316627,0.005000398120869498,0.01512077362255726
0.6838624338624338,0.662557781201849,0.6050385314524181,0.5774792522424343,20News,4,1,random_live,12,136,1257,0.00954653937947494,0.02130465266058479,0.0275592792099838
0.6856368563685636,0.6430868167202572,0.6193668552702323,0.5779612708525442,20News,4,1,random_live,16,136,1257,0.012728719172633254,0.04255003964830639,0.041405584417688046
0.7044368600682593,0.6852459016393443,0.6452443738959011,0.6371657305725542,20News,4,1,random_live,24,136,1257,0.01909307875894988,0.01919095842891505,0.008078643323346846
0.7276536312849162,0.6802721088435374,0.682649325379554,0.6496912286584514,20News,4,1,random_live,32,136,1257,0.02545743834526651,0.04738152244137883,0.032958096721102614
0.7543493389004872,0.7180327868852459,0.7119921144934587,0.674819068376785,20News,4,1,random_live,48,136,1257,0.03818615751789976,0.03631655201524131,0.037173046116673714
0.7810320781032078,0.7326732673267327,0.7436250288025807,0.6945538882834549,20News,4,1,random_live,64,136,1257,0.05091487669053302,0.04835881077647519,0.049071140519125866
0.8141843971631205,0.7739837398373983,0.7875048004301185,0.7358118869980719,20News,4,1,random_live,96,136,1257,0.07637231503579953,0.0402006573257222,0.05169291343204663
0.8412017167381974,0.7980613893376414,0.8207084154740265,0.7612610724564786,20News,4,1,random_live,128,136,1257,0.10182975338106603,0.04314032740055607,0.05944734301754795
0.8378766140602583,0.7882736156351792,0.8178307176322999,0.7529829267611143,20News,4,1,random_live,136,136,1257,0.10819411296738266,0.04960299842507909,0.06484779087118553
0.6740547588005215,0.6822840409956076,0.5869797756480626,0.569773509336041,20News,4,2,spectral,1,136,1257,0.0007955449482895784,-0.008229282195086118,0.0172062663120216
0.6907849829351536,0.6836248012718601,0.6297503740049936,0.6197819710046821,20News,4,2,spectral,2,136,1257,0.0015910898965791568,0.007160181663293463,0.009968403000311432
0.7027397260273973,0.7053140096618358,0.645360295732003,0.6525286286455689,20News,4,2,spectral,3,136,1257,0.002386634844868735,-0.0025742836344384568,-0.007168332913565889
0.7316076294277929,0.7275590551181103,0.6768635149831761,0.6674352682348959,20News,4,2,spectral,4,136,1257,0.0031821797931583136,0.00404857430968264,0.009428246748280245
0.7584308327598073,0.7629513343799058,0.7124616421499799,0.7086576972979071,20News,4,2,spectral,6,136,1257,0.00477326968973747,-0.004520501620098538,0.0038039448520728047
0.7694444444444445,0.7658227848101266,0.7286587389521733,0.715821910080668,20News,4,2,spectral,8,136,1257,0.006364359586316627,0.003621659634317931,0.01283682887150528
0.7640449438202247,0.7660256410256411,0.7266240496699055,0.7219636712359677,20News,4,2,spectral,12,136,1257,0.00954653937947494,-0.001980697205416382,0.00466037843393774
0.7741935483870968,0.7694805194805194,0.7377088939153345,0.7319061318892086,20News,4,2,spectral,16,136,1257,0.012728719172633254,0.004713028906577321,0.005802762026125841
0.7808417997097242,0.771004942339374,0.7572771415296167,0.7402408755006488,20News,4,2,spectral,24,136,1257,0.01909307875894988,0.009836857370350227,0.017036266028967906
0.7997107736804049,0.761437908496732,0.7769666535615998,0.7254752637220059,20News,4,2,spectral,32,136,1257,0.02545743834526651,0.0382728651836729,0.05149138983959389
0.8043165467625899,0.7811993517017828,0.7804641746616084,0.7449159474248321,20News,4,2,spectral,48,136,1257,0.03818615751789976,0.023117195060807116,0.03554822723677631
0.810578984989278,0.797427652733119,0.785419421709139,0.7605559316297175,20News,4,2,spectral,64,136,1257,0.05091487669053302,0.013151332256159054,0.02486349007942157
0.8250539956803455,0.7947019867549668,0.8038031074326153,0.7696240198567157,20News,4,2,spectral,96,136,1257,0.07637231503579953,0.030352008925378704,0.0341790875758996
0.8431654676258993,0.7882736156351792,0.8237862070021904,0.7552955942911942,20News,4,2,spectral,128,136,1257,0.10182975338106603,0.05489185199072011,0.06849061271099621
0.8403722261989979,0.7817589576547231,0.8192611295206098,0.7476941952953122,20News,4,2,spectral,136,136,1257,0.10819411296738266,0.05861326854427473,0.07156693422529758
0.7062467733608673,0.731764705882353,0.5020449010227058,0.5,20News,4,2,random_live,1,136,1257,0.0007955449482895784,-0.02551793252148571,0.002044901022705825
0.6568123393316195,0.658753709198813,0.5580882090139033,0.5477026569639533,20News,4,2,random_live,2,136,1257,0.0015910898965791568,-0.0019413698671935098,0.010385552049950064
0.6679462571976967,0.6559766763848397,0.5696083286955013,0.5327889659840921,20News,4,2,random_live,3,136,1257,0.002386634844868735,0.011969580812857039,0.036819362711409176
0.6606334841628959,0.6724890829694323,0.5659691196969155,0.5534001805155977,20News,4,2,random_live,4,136,1257,0.0031821797931583136,-0.011855598806536416,0.01256893918131785
0.6879673691366417,0.6750788643533123,0.6244964335496521,0.6050163592260394,20News,4,2,random_live,6,136,1257,0.00477326968973747,0.012888504783329369,0.01948007432361276
0.6904109589041096,0.6926677067082684,0.6309196182851424,0.6200710780165848,20News,4,2,random_live,8,136,1257,0.006364359586316627,-0.002256747804158743,0.010848540268557638
0.7205982324949014,0.7333333333333333,0.6630049067412804,0.6544184013087381,20News,4,2,random_live,12,136,1257,0.00954653937947494,-0.012735100838431879,0.008586505432542357
0.7268877911079746,0.714975845410628,0.6862225750945863,0.6639307271393919,20News,4,2,random_live,16,136,1257,0.012728719172633254,0.01191194569734666,0.022291847955194344
0.7391613361762616,0.7302631578947368,0.7030017411017446,0.6924394990692164,20News,4,2,random_live,24,136,1257,0.01909307875894988,0.008898178281524727,0.010562242032528202
0.7560627674750356,0.752827140549273,0.7234252219777078,0.7101243865290234,20News,4,2,random_live,32,136,1257,0.02545743834526651,0.0032356269257626247,0.013300835448684323
0.7747875354107648,0.7577235772357723,0.7419454897295421,0.7188963163535849,20News,4,2,random_live,48,136,1257,0.03818615751789976,0.01706395817499251,0.023049173375957244
0.7810480976310122,0.7508305647840532,0.75376940868917,0.7208001917978225,20News,4,2,random_live,64,136,1257,0.05091487669053302,0.03021753284695905,0.032969216891347464
0.8120950323974082,0.7722132471728594,0.7893624299857547,0.7329285835166695,20News,4,2,random_live,96,136,1257,0.07637231503579953,0.03988178522454877,0.056433846469085225
0.8371757925072046,0.7854785478547854,0.817514921905715,0.757636655948553,20News,4,2,random_live,128,136,1257,0.10182975338106603,0.051697244652419205,0.05987826595716195
0.8403722261989979,0.7817589576547231,0.8192611295206098,0.7476941952953122,20News,4,2,random_live,136,136,1257,0.10819411296738266,0.05861326854427473,0.07156693422529758
0.6846733668341709,0.683982683982684,0.5775793060273606,0.5711197308419531,20News,4,3,spectral,1,136,1257,0.0007955449482895784,0.000690682851486879,0.006459575185407518
0.703868103994927,0.686046511627907,0.607193988033539,0.5776609943276609,20News,4,3,spectral,2,136,1257,0.0015910898965791568,0.017821592367020078,0.02953299370587803
0.7306701030927835,0.6977443609022557,0.6490265704697298,0.6099988877766656,20News,4,3,spectral,3,136,1257,0.002386634844868735,0.032925742190527796,0.039027682693064225
0.7490092470277411,0.7207488299531981,0.6831992323402334,0.6556348014681348,20News,4,3,spectral,4,136,1257,0.0031821797931583136,0.028260417074542965,0.02756443087209859
0.7545638945233266,0.7278688524590164,0.700161126448342,0.6856995884773662,20News,4,3,spectral,6,136,1257,0.00477326968973747,0.02669504206431017,0.014461537970975824
0.7564625850340136,0.7476038338658147,0.7050295569535812,0.6977394060727394,20News,4,3,spectral,8,136,1257,0.006364359586316627,0.008858751168198897,0.007290150880841728
0.7687120701281187,0.7491749174917491,0.7159145721938854,0.7126640529418307,20News,4,3,spectral,12,136,1257,0.00954653937947494,0.01953715263636957,0.003250519252054773
0.7712152070604209,0.759075907590759,0.7216822832746641,0.7239044600155711,20News,4,3,spectral,16,136,1257,0.012728719172633254,0.012139299469661857,-0.002222176740906967
0.7794221282593375,0.7525773195876289,0.7460552242941738,0.7320723501279057,20News,4,3,spectral,24,136,1257,0.01909307875894988,0.026844808671708686,0.013982874166268089
0.7969079409697821,0.7679465776293823,0.7650337647143342,0.738307752196641,20News,4,3,spectral,32,136,1257,0.02545743834526651,0.02896136334039978,0.026726012517693132
0.8144475920679887,0.7845117845117845,0.7878262297437371,0.759836225114003,20News,4,3,spectral,48,136,1257,0.03818615751789976,0.029935807556204175,0.02799000462973411
0.8216062544420754,0.7653061224489796,0.7971602746333604,0.7422074852630408,20News,4,3,spectral,64,136,1257,0.05091487669053302,0.0563001319930958,0.054952789370319555
0.8274398868458275,0.7775891341256367,0.8021531419657426,0.7551370815259704,20News,4,3,spectral,96,136,1257,0.07637231503579953,0.049850752720190794,0.047016060439772245
0.8429282160625444,0.7925801011804384,0.8213484846929875,0.7693874429985541,20News,4,3,spectral,128,136,1257,0.10182975338106603,0.050348114882106,0.051961041694433385
0.8415841584158416,0.7741935483870968,0.8182786153388273,0.7513902791680569,20News,4,3,spectral,136,136,1257,0.10819411296738266,0.0673906100287448,0.06688833617077039
0.7160367722165475,0.7089820359281437,0.5,0.5,20News,4,3,random_live,1,136,1257,0.0007955449482895784,0.007054736288403807,0.0
0.7160367722165475,0.7089820359281437,0.5,0.5,20News,4,3,random_live,2,136,1257,0.0015910898965791568,0.007054736288403807,0.0
0.7160367722165475,0.7089820359281437,0.5,0.5,20News,4,3,random_live,3,136,1257,0.002386634844868735,0.007054736288403807,0.0
0.7117070654976793,0.6974483596597812,0.49934831022485865,0.4909701368034701,20News,4,3,random_live,4,136,1257,0.0031821797931583136,0.014258705837898011,0.008378173421388524
0.7029379760609358,0.6936708860759494,0.5192235655127824,0.5101629407184962,20News,4,3,random_live,6,136,1257,0.00477326968973747,0.009267089984986376,0.009060624794286154
0.6821428571428572,0.667590027700831,0.5435939408245158,0.5264361583806028,20News,4,3,random_live,8,136,1257,0.006364359586316627,0.014552829442026183,0.017157782443913083
0.6763157894736842,0.6697388632872504,0.592338540009647,0.5863502391280169,20News,4,3,random_live,12,136,1257,0.00954653937947494,0.006576926186433796,0.00598830088163016
0.7017310252996005,0.6677067082683308,0.6294887057543694,0.5919391613836058,20News,4,3,random_live,16,136,1257,0.012728719172633254,0.034024317031269735,0.03754954437076363
0.7208672086720868,0.6773162939297125,0.6609327374049405,0.6153097541986431,20News,4,3,random_live,24,136,1257,0.01909307875894988,0.04355091474237427,0.04562298320629743
0.7520661157024794,0.7166123778501629,0.7050911339402087,0.6699755310866422,20News,4,3,random_live,32,136,1257,0.02545743834526651,0.035453737852316536,0.03511560285356652
0.768384879725086,0.7389162561576355,0.7233564075986001,0.6989976087198309,20News,4,3,random_live,48,136,1257,0.03818615751789976,0.029468623567450503,0.02435879887876924
0.7955182072829131,0.7609427609427609,0.7621499091739448,0.7336086086086087,20News,4,3,random_live,64,136,1257,0.05091487669053302,0.034575446340152194,0.028541300565336103
0.8217054263565892,0.7773972602739726,0.7944316444134278,0.757931542653765,20News,4,3,random_live,96,136,1257,0.07637231503579953,0.04430816608261656,0.036500101759662895
0.8419560595322466,0.7911714770797963,0.8193639097281376,0.7701242909576242,20News,4,3,random_live,128,136,1257,0.10182975338106603,0.05078458245245032,0.049239618770513305
0.8415841584158416,0.7741935483870968,0.8182786153388273,0.7513902791680569,20News,4,3,random_live,136,136,1257,0.10819411296738266,0.0673906100287448,0.06688833617077039
0.6935179358086847,0.6617210682492581,0.5905846502401444,0.5562430323299888,20News,4,4,spectral,1,136,1257,0.0007955449482895784,0.03179686755942657,0.03434161791015555
0.6942038640906063,0.7047913446676971,0.6209730330973751,0.6312709030100334,20News,4,4,spectral,2,136,1257,0.0015910898965791568,-0.010587480577090802,-0.010297869912658353
0.7225130890052356,0.706060606060606,0.6467571543536093,0.6229654403567447,20News,4,4,spectral,3,136,1257,0.002386634844868735,0.016452482944629532,0.023791713996864527
0.732977303070761,0.7383177570093458,0.6687584255552537,0.6754877369007803,20News,4,4,spectral,4,136,1257,0.0031821797931583136,-0.005340453938584733,-0.006729311345526678
0.7650273224043715,0.7602523659305994,0.7168885289429036,0.7071767001114827,20News,4,4,spectral,6,136,1257,0.00477326968973747,0.0047749564737721295,0.009711828831420855
0.7678447678447679,0.7670807453416149,0.7260073504159597,0.7088768115942029,20News,4,4,spectral,8,136,1257,0.006364359586316627,0.0007640225031529946,0.017130538821756747
0.7836338418862691,0.7539936102236422,0.7446204591703359,0.7050654960981049,20News,4,4,spectral,12,136,1257,0.00954653937947494,0.02964023166262686,0.03955496307223105
0.786013986013986,0.7588424437299035,0.7505215514811037,0.7133988294314382,20News,4,4,spectral,16,136,1257,0.012728719172633254,0.027171542284082473,0.03712272204966549
0.7980433263452131,0.7567567567567568,0.764124177947727,0.7063266443701226,20News,4,4,spectral,24,136,1257,0.01909307875894988,0.041286569588456334,0.05779753357760442
0.8025568181818182,0.7654723127035831,0.7750319081864361,0.7263099219620959,20News,4,4,spectral,32,136,1257,0.02545743834526651,0.037084505478235164,0.04872198622434021
0.8137044967880086,0.7757774140752864,0.7893470226714713,0.7400710702341138,20News,4,4,spectral,48,136,1257,0.03818615751789976,0.03792708271272216,0.049275952437357495
0.8181818181818182,0.7909238249594813,0.7927505625579858,0.7538600891861762,20News,4,4,spectral,64,136,1257,0.05091487669053302,0.027257993222336907,0.03889047337180962
0.8272921108742004,0.8,0.8033097375071121,0.7626323857302117,20News,4,4,spectral,96,136,1257,0.07637231503579953,0.02729211087420036,0.04067735177690035
0.8441281138790035,0.8085106382978723,0.8228173006443147,0.7776268115942029,20News,4,4,spectral,128,136,1257,0.10182975338106603,0.035617475581131264,0.045190489050111804
0.8417317246273953,0.7915309446254072,0.8192394831130088,0.7563545150501672,20News,4,4,spectral,136,136,1257,0.10819411296738266,0.05020078000198813,0.0628849680628416
0.6804245283018868,0.6423562412342216,0.5367584870650107,0.49752647714604237,20News,4,4,random_live,1,136,1257,0.0007955449482895784,0.038068287067665185,0.03923200991896836
0.6674727932285369,0.6416184971098265,0.5340559021174733,0.51498745819398,20News,4,4,random_live,2,136,1257,0.0015910898965791568,0.025854296118710374,0.019068443923493383
0.6650276582667486,0.6350148367952523,0.5404875160822386,0.5224428651059085,20News,4,4,random_live,3,136,1257,0.002386634844868735,0.03001282147149631,0.018044650976330012
0.6662515566625156,0.6350148367952523,0.5496063375552948,0.5224428651059085,20News,4,4,random_live,4,136,1257,0.0031821797931583136,0.031236719867263285,0.027163472449386217
0.6650031191515907,0.6337817638266069,0.5490681271816742,0.5253483835005575,20News,4,4,random_live,6,136,1257,0.00477326968973747,0.031221355324983824,0.023719743681116734
0.6691776522284997,0.6331360946745562,0.5580126710099389,0.5182761984392419,20News,4,4,random_live,8,136,1257,0.006364359586316627,0.03604155755394345,0.03973647257069701
0.691324815063887,0.6790123456790124,0.6222198871295959,0.5991429765886287,20News,4,4,random_live,12,136,1257,0.00954653937947494,0.012312469384874625,0.023076910540967166
0.7087045921864291,0.6813880126182965,0.6520969701318872,0.6132873467112597,20News,4,4,random_live,16,136,1257,0.012728719172633254,0.027316579568132604,0.03880962342062744
0.727147766323024,0.7047619047619048,0.6750042287957927,0.6441541248606466,20News,4,4,random_live,24,136,1257,0.01909307875894988,0.022385861561119214,0.03085010393514609
0.7546907574704657,0.7163695299837926,0.711866513575716,0.667481884057971,20News,4,4,random_live,32,136,1257,0.02545743834526651,0.038321227486673104,0.04438462951774491
0.7763066202090593,0.7411003236245954,0.7379953457617214,0.6954431438127091,20News,4,4,random_live,48,136,1257,0.03818615751789976,0.035206296584463836,0.042552201949012325
0.8002803083391731,0.7804878048780488,0.767701995479033,0.7430044593088072,20News,4,4,random_live,64,136,1257,0.05091487669053302,0.019792503461124267,0.024697536170225742
0.8400281888653982,0.8038897893030794,0.815127299567894,0.7688823857302118,20News,4,4,random_live,96,136,1257,0.07637231503579953,0.03613839956231879,0.046244913837682144
0.8366477272727273,0.8032520325203252,0.8136907904516354,0.7692934782608696,20News,4,4,random_live,128,136,1257,0.10182975338106603,0.033395694752402116,0.044397312190765814
0.8417317246273953,0.7915309446254072,0.8192394831130088,0.7563545150501672,20News,4,4,random_live,136,136,1257,0.10819411296738266,0.05020078000198813,0.0628849680628416
0.6882430647291942,0.6884272997032641,0.6099444290933653,0.5879619260918253,20News,6,0,spectral,1,2080,1257,0.0007955449482895784,-0.00018423497406994116,0.021982503001540032
0.6949706074461136,0.6896551724137931,0.612561788093703,0.5953107502799552,20News,6,0,spectral,2,2080,1257,0.0015910898965791568,0.005315435032320459,0.017251037813747816
0.6932972241029113,0.702865761689291,0.6282736176353197,0.6151385778275476,20News,6,0,spectral,3,2080,1257,0.002386634844868735,-0.009568537586379766,0.013135039807772197
0.6976109215017064,0.7192716236722306,0.6373038899634644,0.6387388017917133,20News,6,0,spectral,4,2080,1257,0.0031821797931583136,-0.021660702170524182,-0.0014349118282488416
0.7006802721088435,0.7226386806596702,0.6393033680267723,0.636807110862262,20News,6,0,spectral,6,2080,1257,0.00477326968973747,-0.021958408550826647,0.002496257164510296
0.7251217814892137,0.6941896024464832,0.678206840440883,0.6116531354983203,20News,6,0,spectral,8,2080,1257,0.006364359586316627,0.03093217904273049,0.06655370494256263
0.7359550561797753,0.7116564417177914,0.6945557397685057,0.6347704367301232,20News,6,0,spectral,12,2080,1257,0.00954653937947494,0.024298614461983892,0.059785303038382476
0.75564681724846,0.7177914110429447,0.7067790365662706,0.6423152295632699,20News,6,0,spectral,16,2080,1257,0.012728719172633254,0.037855406205515196,0.0644638070030007
0.7707182320441989,0.73125,0.7279520125264807,0.667847144456887,20News,6,0,spectral,24,2080,1257,0.01909307875894988,0.039468232044198914,0.0601048680695937
0.7954055994256999,0.7532467532467533,0.7702787755979246,0.7113661814109742,20News,6,0,spectral,32,2080,1257,0.02545743834526651,0.04215884617894661,0.058912594186950384
0.8101449275362319,0.7779578606158833,0.7898437260139388,0.739417693169093,20News,6,0,spectral,48,2080,1257,0.03818615751789976,0.03218706692034856,0.050426032844845814
0.8276856524873828,0.7692307692307693,0.8077584354180098,0.7333216685330347,20News,6,0,spectral,64,2080,1257,0.05091487669053302,0.05845488325661352,0.07443676688497514
0.846643109540636,0.7947882736156352,0.8231363789874429,0.7608902575587906,20News,6,0,spectral,96,2080,1257,0.07637231503579953,0.05185483592500084,0.06224612142865227
0.8478260869565217,0.7900826446280992,0.8316523901630284,0.7611772116461366,20News,6,0,spectral,128,2080,1257,0.10182975338106603,0.057743442328422545,0.07047517851689178
0.8636698599852616,0.7909238249594813,0.8536504866292101,0.7545072788353864,20News,6,0,spectral,192,2080,1257,0.15274463007159905,0.07274603502578025,0.09914320779382368
0.9195906432748538,0.7799352750809061,0.9130438119799822,0.7410624300111982,20News,6,0,spectral,288,2080,1257,0.22911694510739858,0.13965536819394775,0.171981381968784
0.9878831076265147,0.771004942339374,0.9849290780141844,0.7380599104143337,20News,6,0,spectral,432,2080,1257,0.3436754176610978,0.21687816528714066,0.24686916759985067
0.9878831076265147,0.7948303715670436,0.9849290780141844,0.7577967525195969,20News,6,0,spectral,648,2080,1257,0.5155131264916468,0.19305273605947104,0.2271323254945875
0.9878831076265147,0.7857142857142857,0.9849290780141844,0.7490901455767077,20News,6,0,spectral,972,2080,1257,0.7732696897374701,0.20216882191222896,0.23583893243747667
0.9878831076265147,0.816,0.9849290780141844,0.7789823628219485,20News,6,0,spectral,1458,2080,1257,1.1599045346062054,0.1718831076265147,0.20594671519223584
0.9878831076265147,0.8070739549839229,0.9849290780141844,0.7702757558790594,20News,6,0,spectral,2080,2080,1257,1.654733492442323,0.18080915264259179,0.214653322135125
0.6867107636800962,0.6934812760055479,0.5582535077215929,0.5558650615901455,20News,6,0,random_live,1,2080,1257,0.0007955449482895784,-0.006770512325451672,0.002388446131447397
0.6704834605597965,0.6804733727810651,0.5681741426422278,0.5761618141097424,20News,6,0,random_live,2,2080,1257,0.0015910898965791568,-0.00998991222126866,-0.007987671467514668
0.6675159235668789,0.6765140324963073,0.5651231156550305,0.5702617581187011,20News,6,0,random_live,3,2080,1257,0.002386634844868735,-0.008998108929428317,-0.005138642463670573
0.6726228462029356,0.6805349182763745,0.5726067667557029,0.5787723964165733,20News,6,0,random_live,4,2080,1257,0.0031821797931583136,-0.007912072073438914,-0.00616562966087042
0.6820809248554913,0.6765578635014837,0.5879041171594364,0.5728723404255319,20News,6,0,random_live,6,2080,1257,0.00477326968973747,0.005523061354007597,0.015031776733904434
0.6826115061409179,0.6745562130177515,0.5919452887537994,0.5686170212765957,20News,6,0,random_live,8,2080,1257,0.006364359586316627,0.00805529312316644,0.023328267477203624
0.6805736636245111,0.7027027027027027,0.5938219581836603,0.6125279955207167,20News,6,0,random_live,12,2080,1257,0.00954653937947494,-0.022129039078191637,-0.018706037337056336
0.6934023285899095,0.7081481481481482,0.6056960179300606,0.6122410414333707,20News,6,0,random_live,16,2080,1257,0.012728719172633254,-0.014745819558238726,-0.006545023503310099
0.6902423051735429,0.7015384615384616,0.6080677596635043,0.6239361702127659,20News,6,0,random_live,24,2080,1257,0.01909307875894988,-0.011296156364918652,-0.01586841054926158
0.678596008258775,0.6894409937888198,0.6189977280402812,0.6140677491601344,20News,6,0,random_live,32,2080,1257,0.02545743834526651,-0.01084498553004487,0.00492997888014679
0.6977381768334475,0.6656101426307448,0.6394069878112432,0.5964585666293393,20News,6,0,random_live,48,2080,1257,0.03818615751789976,0.032128034202702715,0.042948421181903895
0.7168758716875872,0.6871961102106969,0.6696102360995978,0.6337905935050392,20News,6,0,random_live,64,2080,1257,0.05091487669053302,0.02967976147689022,0.03581964259455861
0.7452093683463449,0.6788685524126455,0.7094616376531271,0.6376539753639417,20News,6,0,random_live,96,2080,1257,0.07637231503579953,0.06634081593369934,0.07180766228918534
0.7778566359119943,0.693069306930693,0.7464462251696294,0.6496500559910414,20News,6,0,random_live,128,2080,1257,0.10182975338106603,0.08478732898130126,0.09679616917858802
0.8103821196827685,0.728171334431631,0.7884621288876608,0.6890187569988802,20News,6,0,random_live,192,2080,1257,0.15274463007159905,0.08221078525113756,0.09944337188878061
0.869753979739508,0.7244897959183674,0.8556077492247705,0.699265117581187,20News,6,0,random_live,288,2080,1257,0.22911694510739858,0.1452641838211406,0.15634263164358342
0.9878831076265147,0.722495894909688,0.9849290780141844,0.6809910414333706,20News,6,0,random_live,432,2080,1257,0.3436754176610978,0.26538721271682664,0.30393803658081375
0.9878831076265147,0.7431340872374798,0.9849290780141844,0.6974384098544233,20News,6,0,random_live,648,2080,1257,0.5155131264916468,0.2447490203890349,0.2874906681597611
0.9878831076265147,0.78,0.9849290780141844,0.7529535274356103,20News,6,0,random_live,972,2080,1257,0.7732696897374701,0.20788310762651463,0.2319755505785741
0.9878831076265147,0.8109854604200323,0.9849290780141844,0.7766587346024636,20News,6,0,random_live,1458,2080,1257,1.1599045346062054,0.17689764720648238,0.2082703434117208
0.9878831076265147,0.8070739549839229,0.9849290780141844,0.7702757558790594,20News,6,0,random_live,2080,2080,1257,1.654733492442323,0.18080915264259179,0.214653322135125
0.685489166119501,0.6956521739130435,0.6032975754627614,0.6035152429653227,20News,6,1,spectral,1,2080,1257,0.0007955449482895784,-0.010163007793542511,-0.00021766750256124734
0.6886348352387357,0.672782874617737,0.6192350034563097,0.5857573979377986,20News,6,1,spectral,2,2080,1257,0.0015910898965791568,0.015851960620998695,0.03347760551851109
0.6947791164658634,0.6928895612708018,0.6242709746793313,0.6048774694721547,20News,6,1,spectral,3,2080,1257,0.002386634844868735,0.0018895551950616207,0.019393505207176642
0.7079407806191117,0.7064220183486238,0.6426521416318902,0.6271760695224523,20News,6,1,spectral,4,2080,1257,0.0031821797931583136,0.0015187622704878612,0.01547607210943791
0.7140921409214093,0.690625,0.6531580429606493,0.6190585966971247,20News,6,1,spectral,6,2080,1257,0.00477326968973747,0.023467140921409224,0.03409944626352457
0.7292517006802721,0.6884735202492211,0.6729780588340715,0.6148391874144242,20News,6,1,spectral,8,2080,1257,0.006364359586316627,0.04077818043105097,0.05813887141964724
0.7391910739191074,0.7314814814814815,0.6953519035305564,0.6624263000530919,20News,6,1,spectral,12,2080,1257,0.00954653937947494,0.007709592437625923,0.03292560347746454
0.7517531556802244,0.7357032457496137,0.7121239663073811,0.6683013384748652,20News,6,1,spectral,16,2080,1257,0.012728719172633254,0.01604990993061073,0.04382262783251589
0.778485491861288,0.7383177570093458,0.7462172610665916,0.6750845279011932,20News,6,1,spectral,24,2080,1257,0.01909307875894988,0.04016773485194225,0.07113273316539837
0.8022440392706872,0.7711213517665131,0.7700517166338103,0.7088118590549641,20News,6,1,spectral,32,2080,1257,0.02545743834526651,0.03112268750417413,0.0612398575788462
0.809322033898305,0.7658227848101266,0.7805576179625695,0.7150082432168106,20News,6,1,spectral,48,2080,1257,0.03818615751789976,0.04349924908817848,0.06554937474575895
0.8307475317348378,0.78125,0.8045239253437109,0.7282532763293934,20News,6,1,spectral,64,2080,1257,0.05091487669053302,0.04949753173483784,0.07627064901431746
0.8431511710432931,0.8119122257053292,0.8205765636601039,0.7663606896359013,20News,6,1,spectral,96,2080,1257,0.07637231503579953,0.031238945337963897,0.05421587402420258
0.8609929078014185,0.7949921752738655,0.8406052382293454,0.7454243160924358,20News,6,1,spectral,128,2080,1257,0.10182975338106603,0.06600073252755301,0.09518092213690965
0.8937990021382751,0.7943037974683544,0.8790150797511457,0.7488962472406181,20News,6,1,spectral,192,2080,1257,0.15274463007159905,0.09949520466992068,0.13011883251052758
0.9509594882729211,0.7732463295269169,0.9430387362707698,0.7362659625003494,20News,6,1,spectral,288,2080,1257,0.22911694510739858,0.17771315874600424,0.20677277377042047
0.9921484653818701,0.7549019607843137,0.9902135231316727,0.7157836644591611,20News,6,1,spectral,432,2080,1257,0.3436754176610978,0.23724650459755636,0.2744298586725116
0.9921484653818701,0.8025889967637541,0.9902135231316727,0.7671361108782518,20News,6,1,spectral,648,2080,1257,0.5155131264916468,0.189559468618116,0.22307741225342081
0.9921484653818701,0.8250401284109149,0.9902135231316727,0.7904755916953083,20News,6,1,spectral,972,2080,1257,0.7732696897374701,0.16710833697095517,0.1997379314363643
0.9921484653818701,0.8260162601626017,0.9902135231316727,0.7960572274848409,20News,6,1,spectral,1458,2080,1257,1.1599045346062054,0.16613220521926841,0.1941562956468318
0.9921484653818701,0.8263665594855305,0.9902135231316727,0.7925852963366586,20News,6,1,spectral,2080,2080,1257,1.654733492442323,0.16578190589633957,0.19762822679501402
0.7117400419287212,0.7203907203907204,0.5134002406615633,0.5200561656467433,20News,6,1,random_live,1,2080,1257,0.0007955449482895784,-0.008650678461999184,-0.006655924985179973
0.7028508771929824,0.7128205128205128,0.5269873780690749,0.5383239723922095,20News,6,1,random_live,2,2080,1257,0.0015910898965791568,-0.009969635627530393,-0.011336594323134608
0.7021393307734504,0.7128205128205128,0.5262679536086433,0.5383239723922095,20News,6,1,random_live,3,2080,1257,0.002386634844868735,-0.010681182047062476,-0.012056018783566214
0.7035616438356165,0.7233502538071066,0.5277068025295066,0.5478036717243692,20News,6,1,random_live,4,2080,1257,0.0031821797931583136,-0.019788609971490123,-0.020096869194862532
0.6829268292682927,0.6956521739130435,0.5464015975831434,0.5667141699499818,20News,6,1,random_live,6,2080,1257,0.00477326968973747,-0.012725344644750725,-0.020312572366838366
0.6821428571428572,0.6825842696629213,0.5456821731227118,0.5499972056892167,20News,6,1,random_live,8,2080,1257,0.006364359586316627,-0.0004414125200641328,-0.004315032566504895
0.6724890829694323,0.6546003016591252,0.5594779692260426,0.5554740548243775,20News,6,1,random_live,12,2080,1257,0.00954653937947494,0.017888781310307134,0.004003914401665143
0.6886731391585761,0.6676923076923077,0.5998156634834481,0.5829002151619302,20News,6,1,random_live,16,2080,1257,0.012728719172633254,0.02098083146626839,0.016915448321517812
0.69826435246996,0.6571879936808847,0.627148672521058,0.5848771900410763,20News,6,1,random_live,24,2080,1257,0.01909307875894988,0.04107635878907534,0.04227148247998169
0.6999334664005322,0.6540284360189573,0.6275275864717479,0.5811118562606533,20News,6,1,random_live,32,2080,1257,0.02545743834526651,0.045905030381574896,0.046415730211094575
0.7221095334685599,0.6932907348242812,0.6617527330448808,0.6335331265543354,20News,6,1,random_live,48,2080,1257,0.03818615751789976,0.02881879864427872,0.028219606490545446
0.7266530334014997,0.6698717948717948,0.6708197854527765,0.6076298655936514,20News,6,1,random_live,64,2080,1257,0.05091487669053302,0.05678123852970485,0.06318991985912514
0.7412008281573499,0.6935483870967742,0.693270437031158,0.6386606868415905,20News,6,1,random_live,96,2080,1257,0.07637231503579953,0.047652441060575645,0.054609750189567485
0.7699724517906336,0.6943521594684385,0.7260016897514017,0.6540433677033559,20News,6,1,random_live,128,2080,1257,0.10182975338106603,0.07562029232219503,0.07195832204804575
0.8052486187845304,0.7371900826446282,0.7681789088302311,0.7004289267052282,20News,6,1,random_live,192,2080,1257,0.15274463007159905,0.0680585361399022,0.06774998212500294
0.8615600843288826,0.7459807073954984,0.8386940269848179,0.6984519518260821,20News,6,1,random_live,288,2080,1257,0.22911694510739858,0.11557937693338427,0.14024207515873577
0.9921484653818701,0.7227722772277227,0.9902135231316727,0.6832578869421857,20News,6,1,random_live,432,2080,1257,0.3436754176610978,0.2693761881541473,0.30695563618948696
0.9921484653818701,0.780952380952381,0.9902135231316727,0.7342889876212033,20News,6,1,random_live,648,2080,1257,0.5155131264916468,0.21119608442948912,0.25592453551046934
0.9921484653818701,0.802610114192496,0.9902135231316727,0.7701539665241568,20News,6,1,random_live,972,2080,1257,0.7732696897374701,0.18953835118937412,0.22005955660751586
0.9921484653818701,0.8252427184466019,0.9902135231316727,0.7934934473412133,20News,6,1,random_live,1458,2080,1257,1.1599045346062054,0.16690574693526816,0.19672007579045936
0.9921484653818701,0.8263665594855305,0.9902135231316727,0.7925852963366586,20News,6,1,random_live,2080,2080,1257,1.654733492442323,0.16578190589633957,0.19762822679501402
0.6813040585495675,0.6930091185410334,0.6061025360857377,0.6055945732498449,20News,6,2,spectral,1,2080,1257,0.0007955449482895784,-0.011705059991465872,0.0005079628358928279
0.679399727148704,0.6728971962616822,0.6160385595318938,0.5950738985727986,20News,6,2,spectral,2,2080,1257,0.0015910898965791568,0.006502530887021796,0.020964660959095216
0.6881287726358148,0.6718266253869969,0.6182149367127386,0.5901026682461782,20News,6,2,spectral,3,2080,1257,0.002386634844868735,0.016302147248817955,0.028112268466560453
0.6994535519125683,0.7082683307332294,0.6402531490454575,0.6390745755062899,20News,6,2,spectral,4,2080,1257,0.0031821797931583136,-0.008814778820661062,0.0011785735391676155
0.7259056732740943,0.7113884555382215,0.6716146803980536,0.6428752750042308,20News,6,2,spectral,6,2080,1257,0.00477326968973747,0.014517217735872778,0.028739405393822803
0.7270233196159122,0.7275541795665634,0.6743884443945204,0.658515259209116,20News,6,2,spectral,8,2080,1257,0.006364359586316627,-0.0005308599506512746,0.01587318518540437
0.7505270555165144,0.7365079365079366,0.7114545092492839,0.6822008800135386,20News,6,2,spectral,12,2080,1257,0.00954653937947494,0.014019119008577885,0.02925362923574526
0.7626404494382022,0.736,0.7250195299535875,0.6855643932983584,20News,6,2,spectral,16,2080,1257,0.012728719172633254,0.026640449438202207,0.03945513665522915
0.7801418439716312,0.7447154471544716,0.7485103623636093,0.7036935183618209,20News,6,2,spectral,24,2080,1257,0.01909307875894988,0.035426396817159644,0.044816844001788425
0.7965616045845272,0.778675282714055,0.7703966750573135,0.7405299825125515,20News,6,2,spectral,32,2080,1257,0.02545743834526651,0.017886321870472233,0.02986669254476193
0.815028901734104,0.7772357723577236,0.7937407136985393,0.7417005133412309,20News,6,2,spectral,48,2080,1257,0.03818615751789976,0.03779312937638046,0.052040200357308386
0.8285302593659942,0.7915993537964459,0.8078878036078079,0.7557327805043155,20News,6,2,spectral,64,2080,1257,0.05091487669053302,0.03693090556954837,0.052155023103492404
0.8486171761280932,0.797427652733119,0.8329831557341476,0.7605559316297175,20News,6,2,spectral,96,2080,1257,0.07637231503579953,0.05118952339497418,0.07242722410443014
0.8623452294246177,0.7961476725521669,0.8482994899235652,0.758362949173577,20News,6,2,spectral,128,2080,1257,0.10182975338106603,0.06619755687245077,0.08993654074998814
0.8961988304093568,0.7993527508090615,0.8863726876790246,0.7655271619563377,20News,6,2,spectral,192,2080,1257,0.15274463007159905,0.09684607960029523,0.12084552572268681
0.922623434045689,0.7719869706840391,0.9168636681592828,0.7362920968014892,20News,6,2,spectral,288,2080,1257,0.22911694510739858,0.15063646336164993,0.18057157135779356
0.9911764705882353,0.7737704918032787,0.9912536443148687,0.7412633271281097,20News,6,2,spectral,432,2080,1257,0.3436754176610978,0.2174059787849566,0.24999031718675901
0.9911764705882353,0.7783251231527094,0.9912536443148687,0.7472570090821911,20News,6,2,spectral,648,2080,1257,0.5155131264916468,0.21285134743552592,0.24399663523267767
0.9911764705882353,0.820097244732577,0.9912536443148687,0.7905243414001242,20News,6,2,spectral,972,2080,1257,0.7732696897374701,0.17107922585565838,0.20072930291474456
0.9911764705882353,0.8346709470304976,0.9912536443148687,0.8039713431488689,20News,6,2,spectral,1458,2080,1257,1.1599045346062054,0.15650552355773772,0.18728230116599986
0.9911764705882353,0.8419354838709677,0.9912536443148687,0.814350990015231,20News,6,2,spectral,2080,2080,1257,1.654733492442323,0.1492409867172676,0.1769026542996377
0.7061245496654658,0.731764705882353,0.5,0.5,20News,6,2,random_live,1,2080,1257,0.0007955449482895784,-0.0256401562168872,0.0
0.7037422037422038,0.7298578199052133,0.5021968006617208,0.5017557962430191,20News,6,2,random_live,2,2080,1257,0.0015910898965791568,-0.026115616163009503,0.0004410044187016515
0.6943062465450525,0.6843434343434344,0.5242758599561916,0.4751650025385006,20News,6,2,random_live,3,2080,1257,0.002386634844868735,0.009962812201618099,0.049110857417691056
0.6866333887964503,0.6912325285895807,0.5150891229646725,0.48993061431714335,20News,6,2,random_live,4,2080,1257,0.0031821797931583136,-0.0045991397931304245,0.02515850864752911
0.6878130217028381,0.6913265306122449,0.5187385437036961,0.4927088621876234,20News,6,2,random_live,6,2080,1257,0.00477326968973747,-0.003513508909406826,0.02602968151607271
0.6662686567164179,0.6730769230769231,0.5292974833165691,0.5166976927850172,20News,6,2,random_live,8,2080,1257,0.006364359586316627,-0.006808266360505244,0.012599790531551913
0.6698795180722892,0.6852367688022284,0.5392232950222872,0.5424282168443617,20News,6,2,random_live,12,2080,1257,0.00954653937947494,-0.01535725072993921,-0.003204921822074547
0.6615776081424937,0.6342182890855457,0.5585183785798533,0.5123258306538049,20News,6,2,random_live,16,2080,1257,0.012728719172633254,0.027359319056947995,0.04619254792604843
0.6657997399219766,0.6186830015313936,0.5754545500962457,0.5177412985840808,20News,6,2,random_live,24,2080,1257,0.01909307875894988,0.04711673839058306,0.05771325151216489
0.669328010645376,0.6263237518910741,0.5916618586388771,0.5192009364246629,20News,6,2,random_live,32,2080,1257,0.02545743834526651,0.043004258754301805,0.07246092221421419
0.6598360655737705,0.6340694006309149,0.5937220772722399,0.5556072657528064,20News,6,2,random_live,48,2080,1257,0.03818615751789976,0.02576666494285562,0.03811481151943352
0.6830639494026705,0.6538461538461539,0.634437562866027,0.5889391888080329,20News,6,2,random_live,64,2080,1257,0.05091487669053302,0.0292177955565166,0.04549837405799417
0.7401129943502824,0.6893203883495146,0.7015389092840039,0.636303379026344,20News,6,2,random_live,96,2080,1257,0.07637231503579953,0.05079260600076785,0.06523553025765982
0.7601423487544484,0.6827697262479872,0.7272163306153083,0.625923732159982,20News,6,2,random_live,128,2080,1257,0.10182975338106603,0.07737262250646126,0.10129259845532634
0.8,0.7296416938110749,0.7768198597928038,0.6868830033282564,20News,6,2,random_live,192,2080,1257,0.15274463007159905,0.07035830618892513,0.08993685646454741
0.8548387096774194,0.7228525121555915,0.8417397231597168,0.6765033564618943,20News,6,2,random_live,288,2080,1257,0.22911694510739858,0.13198619752182783,0.1652363666978225
0.9582417582417583,0.6913996627318718,0.9547849662757272,0.6607223444463248,20News,6,2,random_live,432,2080,1257,0.3436754176610978,0.26684209550988647,0.29406262182940235
0.9911764705882353,0.7888707037643208,0.9912536443148687,0.7580738421616743,20News,6,2,random_live,648,2080,1257,0.5155131264916468,0.20230576682391455,0.23317980215319445
0.9911764705882353,0.8025889967637541,0.9912536443148687,0.7693278614542788,20News,6,2,random_live,972,2080,1257,0.7732696897374701,0.18858747382448127,0.22192578286058995
0.9911764705882353,0.820097244732577,0.9912536443148687,0.7905243414001242,20News,6,2,random_live,1458,2080,1257,1.1599045346062054,0.17107922585565838,0.20072930291474456
0.9911764705882353,0.8419354838709677,0.9912536443148687,0.814350990015231,20News,6,2,random_live,2080,2080,1257,1.654733492442323,0.1492409867172676,0.1769026542996377
0.6966580976863753,0.685459940652819,0.6051157647348597,0.5877335669002335,20News,6,3,spectral,1,2080,1257,0.0007955449482895784,0.01119815703355631,0.017382197834626245
0.7061889250814333,0.6696035242290749,0.6240006568211907,0.5620898676454232,20News,6,3,spectral,2,2080,1257,0.0015910898965791568,0.036585400852358396,0.06191078917576742
0.7115761935905821,0.6874074074074074,0.6326214349490451,0.5894227560894227,20News,6,3,spectral,3,2080,1257,0.002386634844868735,0.02416878618317475,0.043198678859622364
0.7168597168597168,0.6817496229260935,0.631102535945566,0.5916332999666333,20News,6,3,spectral,4,2080,1257,0.0031821797931583136,0.0351100939336233,0.039469235978932704
0.7407407407407407,0.690625,0.6737099621301532,0.6202243910577243,20News,6,3,spectral,6,2080,1257,0.00477326968973747,0.050115740740740655,0.053485571072428906
0.7519893899204244,0.7022900763358778,0.6885949157934708,0.6230814147480814,20News,6,3,spectral,8,2080,1257,0.006364359586316627,0.0496993135845466,0.06551350104538933
0.7603748326639893,0.7298136645962733,0.7027973911883332,0.6644491713936158,20News,6,3,spectral,12,2080,1257,0.00954653937947494,0.030561168067716027,0.038348219794717364
0.7608841259209645,0.7222222222222222,0.7036966717638727,0.6524719163608053,20News,6,3,spectral,16,2080,1257,0.012728719172633254,0.03866190369874234,0.05122475540306748
0.7980835044490076,0.7389937106918238,0.756661860240766,0.6809100767434101,20News,6,3,spectral,24,2080,1257,0.01909307875894988,0.059089793757183706,0.0757517834973559
0.8047255038220987,0.7243589743589743,0.7699958435534027,0.6718802135468802,20News,6,3,spectral,32,2080,1257,0.02545743834526651,0.08036652946312439,0.09811563000652246
0.826963168867269,0.7692307692307693,0.7957966009503381,0.7323504059615171,20News,6,3,spectral,48,2080,1257,0.03818615751789976,0.057732399636499676,0.06344619498882098
0.8368200836820083,0.8058252427184466,0.8083557405145784,0.7704023467912358,20News,6,3,spectral,64,2080,1257,0.05091487669053302,0.030994840963561754,0.03795339372334261
0.8573426573426574,0.7768595041322314,0.8329159782017468,0.7446960849738629,20News,6,3,spectral,96,2080,1257,0.07637231503579953,0.08048315321042598,0.08821989322788393
0.8567415730337079,0.7661691542288557,0.8334740196430588,0.7338241018796574,20News,6,3,spectral,128,2080,1257,0.10182975338106603,0.09057241880485223,0.09964991776340137
0.8904494382022472,0.7821782178217822,0.872175155738462,0.7501320765209654,20News,6,3,spectral,192,2080,1257,0.15274463007159905,0.108271220380465,0.12204307921749669
0.940014114326041,0.752442996742671,0.93007163456111,0.7111903570236904,20News,6,3,spectral,288,2080,1257,0.22911694510739858,0.18757111758336997,0.2188812775374196
0.9929178470254958,0.8037974683544303,0.9910071942446044,0.7603297742186631,20News,6,3,spectral,432,2080,1257,0.3436754176610978,0.18912037867106546,0.23067742002594127
0.9929178470254958,0.8096774193548387,0.9910071942446044,0.773780725169614,20News,6,3,spectral,648,2080,1257,0.5155131264916468,0.18324042767065707,0.21722646907499032
0.9929178470254958,0.8103727714748784,0.9910071942446044,0.7762067623178734,20News,6,3,spectral,972,2080,1257,0.7732696897374701,0.18254507555061739,0.21480043192673093
0.9929178470254958,0.826580226904376,0.9910071942446044,0.7949407741074408,20News,6,3,spectral,1458,2080,1257,1.1599045346062054,0.16633762012111974,0.19606642013716358
0.9929178470254958,0.8214285714285714,0.9910071942446044,0.7895047825603381,20News,6,3,spectral,2080,2080,1257,1.654733492442323,0.1714892755969244,0.2015024116842663
0.6957482054113749,0.7098445595854922,0.5177033836554151,0.5471999777555333,20News,6,3,random_live,1,2080,1257,0.0007955449482895784,-0.014096354174117254,-0.02949659410011818
0.6895748398369249,0.695054945054945,0.5409589589384127,0.5590521076632188,20News,6,3,random_live,2,2080,1257,0.0015910898965791568,-0.005480105218020115,-0.018093148724806052
0.6865846514352666,0.6878453038674033,0.5402764806699576,0.5522953509064621,20News,6,3,random_live,3,2080,1257,0.002386634844868735,-0.0012606524321366885,-0.012018870236504497
0.6838709677419355,0.6888888888888889,0.5372373998091113,0.5567790012234457,20News,6,3,random_live,4,2080,1257,0.0031821797931583136,-0.00501792114695343,-0.019541601414334364
0.6838235294117647,0.6838340486409156,0.5625711983907881,0.5662676565454343,20News,6,3,random_live,6,2080,1257,0.00477326968973747,-1.0519229150851572e-05,-0.003696458154646254
0.6757257566399012,0.6782106782106783,0.5565238251624093,0.5636261261261262,20News,6,3,random_live,8,2080,1257,0.006364359586316627,-0.0024849215707770655,-0.00710230096371689
0.6787048567870486,0.6842105263157895,0.5649893779698067,0.5783978422867312,20News,6,3,random_live,12,2080,1257,0.00954653937947494,-0.005505669528740875,-0.01340846431692444
0.6771554436752675,0.696165191740413,0.5689893163928201,0.5982371260149038,20News,6,3,random_live,16,2080,1257,0.012728719172633254,-0.01900974806514555,-0.02924780962208362
0.6824281150159744,0.6867469879518072,0.584121860856536,0.597069291513736,20News,6,3,random_live,24,2080,1257,0.01909307875894988,-0.004318872935832774,-0.012947430657200054
0.6950904392764858,0.6817496229260935,0.6058598199899424,0.5916332999666333,20News,6,3,random_live,32,2080,1257,0.02545743834526651,0.013340816350392304,0.014226520023309153
0.7146666666666667,0.6698113207547169,0.6458001929412248,0.5984804248693137,20News,6,3,random_live,48,2080,1257,0.03818615751789976,0.04485534591194973,0.04731976807191107
0.7323750855578371,0.6908517350157729,0.6792595880499595,0.6250764653542431,20News,6,3,random_live,64,2080,1257,0.05091487669053302,0.04152335054206424,0.054183122695716346
0.7460426703372333,0.6891025641025641,0.6977416640154352,0.630665387609832,20News,6,3,random_live,96,2080,1257,0.07637231503579953,0.05694010623466916,0.06707627640560321
0.7805555555555556,0.6743421052631579,0.741683258243619,0.6261191747302859,20News,6,3,random_live,128,2080,1257,0.10182975338106603,0.1062134502923977,0.11556408351333314
0.810320781032078,0.7389162561576355,0.7777173411057174,0.6989976087198309,20News,6,3,random_live,192,2080,1257,0.15274463007159905,0.0714045248744426,0.07871973238588659
0.8785964912280702,0.7338842975206612,0.8583754964644547,0.6959876543209876,20News,6,3,random_live,288,2080,1257,0.22911694510739858,0.14471219370740895,0.16238784214346702
0.9929178470254958,0.7124183006535948,0.9910071942446044,0.6665971527082638,20News,6,3,random_live,432,2080,1257,0.3436754176610978,0.280499546371901,0.32441004153634057
0.9929178470254958,0.7539936102236422,0.9910071942446044,0.7052330107885663,20News,6,3,random_live,648,2080,1257,0.5155131264916468,0.2389242368018536,0.2857741834560381
0.9929178470254958,0.8114104595879557,0.9910071942446044,0.7698809921032144,20News,6,3,random_live,972,2080,1257,0.7732696897374701,0.18150738743754014,0.22112620214139
0.9929178470254958,0.8090614886731392,0.9910071942446044,0.7741491491491492,20News,6,3,random_live,1458,2080,1257,1.1599045346062054,0.18385635835235659,0.21685804509545514
0.9929178470254958,0.8214285714285714,0.9910071942446044,0.7895047825603381,20News,6,3,random_live,2080,2080,1257,1.654733492442323,0.1714892755969244,0.2015024116842663
0.6921086675291074,0.685099846390169,0.6032736005248833,0.6041596989966556,20News,6,4,spectral,1,2080,1257,0.0007955449482895784,0.007008821138938415,-0.0008860984717722342
0.6928104575163399,0.6687898089171974,0.609530936844857,0.6032539018952062,20News,6,4,spectral,2,2080,1257,0.0015910898965791568,0.024020648599142436,0.006277034949650817
0.7071102413568167,0.6698717948717948,0.6261770148289773,0.6078316610925307,20News,6,4,spectral,3,2080,1257,0.002386634844868735,0.03723844648502184,0.018345353736446524
0.7176781002638523,0.6677316293929713,0.6446043128591272,0.603664994425864,20News,6,4,spectral,4,2080,1257,0.0031821797931583136,0.049946470870881,0.04093931843326326
0.748,0.699523052464229,0.6862989579222003,0.638726309921962,20News,6,4,spectral,6,2080,1257,0.00477326968973747,0.04847694753577103,0.047572648000238305
0.7402422611036339,0.7124600638977636,0.6811026649102214,0.6562430323299888,20News,6,4,spectral,8,2080,1257,0.006364359586316627,0.027782197205870274,0.024859632580232605
0.7400940228341168,0.7099841521394612,0.6800300885227919,0.6495819397993311,20News,6,4,spectral,12,2080,1257,0.00954653937947494,0.03010987069465565,0.0304481487234608
0.7686062246278755,0.7261146496815286,0.7172524616717326,0.6708542363433668,20News,6,4,spectral,16,2080,1257,0.012728719172633254,0.04249157494634692,0.046398225328365794
0.7736111111111111,0.7397708674304418,0.7335230738475891,0.6987597547380157,20News,6,4,spectral,24,2080,1257,0.01909307875894988,0.03384024368066929,0.03476331910957342
0.7890679747722494,0.7577235772357723,0.7548157013906331,0.7167154403567447,20News,6,4,spectral,32,2080,1257,0.02545743834526651,0.03134439753647711,0.038100261033888416
0.8128113879003559,0.7796052631578947,0.7873799919012153,0.7463210702341136,20News,6,4,spectral,48,2080,1257,0.03818615751789976,0.03320612474246121,0.04105892166710168
0.8237791932059448,0.7843137254901961,0.7979430112101532,0.7492544593088071,20News,6,4,spectral,64,2080,1257,0.05091487669053302,0.03946546771574877,0.04868855190134613
0.8463187991422445,0.7906976744186046,0.8265732401802236,0.7625766443701226,20News,6,4,spectral,96,2080,1257,0.07637231503579953,0.05562112472363989,0.06399659581010098
0.8612508986340762,0.8092868988391376,0.8450043825701852,0.7830267558528428,20News,6,4,spectral,128,2080,1257,0.10182975338106603,0.0519639997949386,0.061977626717342416
0.8946236559139785,0.8020304568527918,0.8816962340651286,0.7817377369007804,20News,6,4,spectral,192,2080,1257,0.15274463007159905,0.09259319906118668,0.09995849716434824
0.9494219653179191,0.7788778877887789,0.9446911953908689,0.7467321627647715,20News,6,4,spectral,288,2080,1257,0.22911694510739858,0.17054407752914025,0.19795903262609738
0.9900709219858156,0.7955271565495208,0.9874776386404294,0.7538879598662207,20News,6,4,spectral,432,2080,1257,0.3436754176610978,0.1945437654362948,0.23358967877420866
0.9900709219858156,0.8031746031746032,0.9874776386404294,0.760576923076923,20News,6,4,spectral,648,2080,1257,0.5155131264916468,0.18689631881121238,0.22690071556350633
0.9900709219858156,0.8062992125984252,0.9874776386404294,0.7614269788182831,20News,6,4,spectral,972,2080,1257,0.7732696897374701,0.1837717093873904,0.22605065982214623
0.9900709219858156,0.8146964856230032,0.9874776386404294,0.7764214046822742,20News,6,4,spectral,1458,2080,1257,1.1599045346062054,0.17537443636281236,0.2110562339581552
0.9900709219858156,0.8290322580645161,0.9874776386404294,0.796432552954292,20News,6,4,spectral,2080,2080,1257,1.654733492442323,0.1610386639212995,0.19104508568613732
0.7140664961636829,0.7136038186157518,0.5,0.5,20News,6,4,random_live,1,2080,1257,0.0007955449482895784,0.0004626775479310563,0.0
0.713697219361483,0.715311004784689,0.5035739731714943,0.5041666666666667,20News,6,4,random_live,2,2080,1257,0.0015910898965791568,-0.0016137854232060045,-0.0005926934951723251
0.7145833333333333,0.7047387606318347,0.511976462266327,0.49744983277591975,20News,6,4,random_live,3,2080,1257,0.002386634844868735,0.009844572701498633,0.014526629490407228
0.7006507592190889,0.7,0.5155235249191403,0.5078107580824972,20News,6,4,random_live,4,2080,1257,0.0031821797931583136,0.0006507592190889699,0.007712766836643126
0.6998323085522639,0.682230869001297,0.532502780753597,0.5043826644370123,20News,6,4,random_live,6,2080,1257,0.00477326968973747,0.017601439550966824,0.02812011631658473
0.681107099879663,0.6537396121883656,0.5494512817095611,0.5050654960981048,20News,6,4,random_live,8,2080,1257,0.006364359586316627,0.027367487691297376,0.04438578561145634
0.6834300451321728,0.656934306569343,0.5907473948055011,0.5408375139353401,20News,6,4,random_live,12,2080,1257,0.00954653937947494,0.026495738562829718,0.049909880870161016
0.6861313868613139,0.6576576576576577,0.6091631597562164,0.5578874024526198,20News,6,4,random_live,16,2080,1257,0.012728719172633254,0.028473729203656206,0.05127575730359657
0.6883289124668435,0.6656534954407295,0.6114902788954898,0.5745540691192865,20News,6,4,random_live,24,2080,1257,0.01909307875894988,0.022675417026113975,0.036936209776203266
0.7039784221173297,0.6766917293233082,0.6386839987493016,0.5825041806020067,20News,6,4,random_live,32,2080,1257,0.02545743834526651,0.027286692794021516,0.05617981814729489
0.7210702341137124,0.6484848484848484,0.6553339210932334,0.5516095317725752,20News,6,4,random_live,48,2080,1257,0.03818615751789976,0.07258538562886396,0.1037243893206582
0.7275185936443543,0.6717095310136157,0.6680344044574071,0.5795707915273133,20News,6,4,random_live,64,2080,1257,0.05091487669053302,0.05580906263073859,0.08846361293009386
0.7449617790132036,0.6883720930232559,0.7005910062483662,0.6129041248606466,20News,6,4,random_live,96,2080,1257,0.07637231503579953,0.056589685989947736,0.08768688138771963
0.7635605006954103,0.714064914992272,0.7224256885248422,0.6425376254180601,20News,6,4,random_live,128,2080,1257,0.10182975338106603,0.04949558570313828,0.07988806310678209
0.8191933240611962,0.7261538461538461,0.7868571589668412,0.6550654960981048,20News,6,4,random_live,192,2080,1257,0.15274463007159905,0.09303947790735001,0.13179166286873634
0.8551434569629112,0.7104,0.8303445571553788,0.6545707915273132,20News,6,4,random_live,288,2080,1257,0.22911694510739858,0.14474345696291113,0.17577376562806557
0.9396551724137931,0.7049180327868853,0.9327032000451072,0.6595317725752508,20News,6,4,random_live,432,2080,1257,0.3436754176610978,0.2347371396269079,0.27317142746985645
0.9900709219858156,0.7783094098883573,0.9874776386404294,0.7330267558528428,20News,6,4,random_live,648,2080,1257,0.5155131264916468,0.2117615120974583,0.25445088278758654
0.9900709219858156,0.7897271268057785,0.9874776386404294,0.7488712374581941,20News,6,4,random_live,972,2080,1257,0.7732696897374701,0.2003437951800371,0.2386064011822353
0.9900709219858156,0.8070739549839229,0.9874776386404294,0.7697324414715718,20News,6,4,random_live,1458,2080,1257,1.1599045346062054,0.18299696700189272,0.21774519716885754
0.9900709219858156,0.8290322580645161,0.9874776386404294,0.796432552954292,20News,6,4,random_live,2080,2080,1257,1.654733492442323,0.1610386639212995,0.19104508568613732
