Order,Basis_Size,Test_Acc
0,1,0.3888888888888889
1,13,0.6481481481481481
2,67,0.8888888888888888
3,175,0.9259259259259259
4,256,0.9444444444444444
